endpoint,category,representation,split,model,method_a,method_b,kendall_mean,kendall_std,spearman_mean,spearman_std,jaccard_mean,jaccard_std,top_k,is_tox
DILI,toxicity,descriptors,scaffold,rf,shap,lime,0.1608285437142801,0.0504670773636613,0.236280520088907,0.072120851746803,0.2461928923616229,0.1009894045867473,10,True
DILI,toxicity,descriptors,scaffold,hgb,shap,lime,0.1080227322189875,0.0459680976895026,0.1532575915485169,0.063951771048813,0.1761650859174079,0.0825872530603468,10,True
DILI,toxicity,descriptors,scaffold,mlp,ig,lime,0.1420161932165038,0.0483107725814752,0.2120301298162245,0.0722362492729899,0.0708390666208003,0.0596572173267173,10,True
DILI,toxicity,descriptors,random,rf,shap,lime,0.1461035513806162,0.0509351085712623,0.2145685386707828,0.0730753711023438,0.2896280734516028,0.1143933546002234,10,True
DILI,toxicity,descriptors,random,hgb,shap,lime,0.1013750887769339,0.0488515466897709,0.1426238270266663,0.0677192958234608,0.1706928677903909,0.0731438068661507,10,True
DILI,toxicity,descriptors,random,mlp,ig,lime,0.1365247045843233,0.0511806505102978,0.2026011811733689,0.0751360323983094,0.081869911707373,0.055098716228736,10,True
hERG,toxicity,descriptors,scaffold,rf,shap,lime,0.1195445687088947,0.0432501462919217,0.1775145605832296,0.0617319059619598,0.1408525398463478,0.0811903075652732,10,True
hERG,toxicity,descriptors,scaffold,hgb,shap,lime,0.0834430726321722,0.0518242815597421,0.1193497303888555,0.0738899058969618,0.0992002063983488,0.0609053205346912,10,True
hERG,toxicity,descriptors,scaffold,mlp,ig,lime,0.1004040400416826,0.0481167378610887,0.1497465090666072,0.0711588967506218,0.0638845889232886,0.056434346586264,10,True
hERG,toxicity,descriptors,random,rf,shap,lime,0.1382934689865805,0.0393497281946119,0.2052271572293177,0.0568464408792156,0.1520293790030631,0.0920026159396639,10,True
hERG,toxicity,descriptors,random,hgb,shap,lime,0.0948813042683016,0.0463180263849536,0.13514993943022,0.065132650385582,0.0972723884875587,0.0618443535537053,10,True
hERG,toxicity,descriptors,random,mlp,ig,lime,0.0741141549945576,0.0467147145075309,0.1106341749885522,0.0685018166594472,0.077734778121775,0.071152126782786,10,True
AMES,toxicity,descriptors,scaffold,rf,shap,lime,0.0928556207390523,0.0559294105576468,0.1372975393729466,0.0812582895223848,0.1564671482628138,0.0759244885858548,10,True
AMES,toxicity,descriptors,scaffold,hgb,shap,lime,0.0715692782304542,0.0473200385653698,0.1054220084229586,0.0683922879437008,0.1168888315560142,0.0545761881072994,10,True
AMES,toxicity,descriptors,scaffold,mlp,ig,lime,0.0525186149337596,0.0492286874096919,0.0780473323153385,0.0736552943159251,0.0543329320032106,0.054267176559321,10,True
AMES,toxicity,descriptors,random,rf,shap,lime,0.1199706968262325,0.0768415519655652,0.1773620488351425,0.1067163386102248,0.1432820204105033,0.0830129421260377,10,True
AMES,toxicity,descriptors,random,hgb,shap,lime,0.0829701011865844,0.0433993902470878,0.1221461244703224,0.0624707350787264,0.1077112716431601,0.0738438981570302,10,True
AMES,toxicity,descriptors,random,mlp,ig,lime,0.0580017494958233,0.0516196051099733,0.0857022342623068,0.0768493887802846,0.0708777663112028,0.0604105923489744,10,True
LD50,toxicity,descriptors,scaffold,rf,shap,lime,0.0507091756100492,0.0732172229290012,0.0748846842987431,0.1048092422671619,0.1468243730240634,0.0776250894970552,10,True
LD50,toxicity,descriptors,scaffold,hgb,shap,lime,0.0616933270583414,0.0847550134017173,0.089596731666333,0.1205302960961195,0.0721476894851507,0.0536126035340398,10,True
LD50,toxicity,descriptors,scaffold,mlp,ig,lime,0.1051195615949088,0.0841192883294379,0.1549068874684135,0.1195918235899204,0.0736601748211655,0.0888571991530675,10,True
LD50,toxicity,descriptors,random,rf,shap,lime,0.0458285327871279,0.0594114813740982,0.0678779232785332,0.0869079420127939,0.1042368994381378,0.050356289571468,10,True
LD50,toxicity,descriptors,random,hgb,shap,lime,0.0544481914856418,0.0518955247750079,0.0792885708772382,0.0758468414424487,0.0890608875128998,0.0484480648638307,10,True
LD50,toxicity,descriptors,random,mlp,ig,lime,0.0741731751907132,0.0598018286678401,0.1118248893680002,0.0872137421397527,0.0704320032106409,0.0558796712804377,10,True
Caco2,absorption,descriptors,scaffold,rf,shap,lime,0.0555299883869989,0.0504464101963706,0.0820050187692549,0.0729484155683143,0.2498306632594558,0.0785028799971855,10,False
Caco2,absorption,descriptors,scaffold,hgb,shap,lime,0.0648113836735391,0.0493642048590153,0.0922351523085754,0.0692317241815894,0.1856458957852146,0.0739236366323877,10,False
Caco2,absorption,descriptors,scaffold,mlp,ig,lime,0.0971203642338475,0.0545324052263884,0.1435476784829343,0.0803904006281133,0.086787639032221,0.0648313599317711,10,False
Caco2,absorption,descriptors,random,rf,shap,lime,0.0620710560597399,0.0509890289563736,0.0922462622200714,0.0742458849163087,0.2736024324259618,0.081689366489476,10,False
Caco2,absorption,descriptors,random,hgb,shap,lime,0.0684173617088211,0.0485585127843833,0.0982012079907866,0.0687117542303571,0.1875659328058708,0.0703628735102435,10,False
Caco2,absorption,descriptors,random,mlp,ig,lime,0.077136746203293,0.0576459832804537,0.1151233792368665,0.0854294801495861,0.0389060887512899,0.0432769729692119,10,False
HIA,absorption,descriptors,scaffold,rf,shap,lime,0.0804219573523385,0.0400876719182704,0.1184715630896755,0.0577159031787959,0.1559669189313152,0.0800570043476037,10,False
HIA,absorption,descriptors,scaffold,hgb,shap,lime,0.0472030763305304,0.0455360802239315,0.0673068318889822,0.0634396002671602,0.0779153766769866,0.0537882901469485,10,False
HIA,absorption,descriptors,scaffold,mlp,ig,lime,0.0722823094857887,0.0495523220471052,0.1069691045470484,0.0728393511628504,0.0722250888659557,0.055272216046951,10,False
HIA,absorption,descriptors,random,rf,shap,lime,0.0781365499087588,0.0458946717780137,0.1159275663066983,0.0661736142163376,0.1693389929071043,0.0806270337707141,10,False
HIA,absorption,descriptors,random,hgb,shap,lime,0.0339181123747774,0.0493920158375593,0.0483228911854081,0.0702564275169939,0.0793916981997477,0.059553523162289,10,False
HIA,absorption,descriptors,random,mlp,ig,lime,0.1016157482871431,0.0489137286778835,0.1503018598116853,0.0720844487084459,0.0652147116156404,0.0507074957205116,10,False
BBB,distribution,descriptors,scaffold,rf,shap,lime,0.1139807322782032,0.0443870750648989,0.1693154335827216,0.0639764954853425,0.2344448980671891,0.0964967203441099,10,False
BBB,distribution,descriptors,scaffold,hgb,shap,lime,0.0472504978683681,0.0435603776124182,0.0690297191353636,0.0633342002166812,0.0587432633872262,0.0511277346584438,10,False
BBB,distribution,descriptors,scaffold,mlp,ig,lime,0.0909305664393907,0.10059282184452,0.1328849085961898,0.136763494334327,0.0761925237931429,0.0651169560254735,10,False
BBB,distribution,descriptors,random,rf,shap,lime,0.1139129660888545,0.0569610124360663,0.1681293879077807,0.0802823935240507,0.2462945007062654,0.1082792629692522,10,False
BBB,distribution,descriptors,random,hgb,shap,lime,0.05120028821867,0.0489861704005081,0.0747885981717332,0.0705203147853766,0.1091226054074351,0.0959726228794646,10,False
BBB,distribution,descriptors,random,mlp,ig,lime,0.0831024933917224,0.0461240636489198,0.1242337265776631,0.0687301363356343,0.0613576424721935,0.048972530705371,10,False
VDss,distribution,descriptors,scaffold,rf,shap,lime,0.0300580874827763,0.0760101780500113,0.0438786335584015,0.1109219756470942,0.0889089553950235,0.0475266470227965,10,False
VDss,distribution,descriptors,scaffold,hgb,shap,lime,0.0478917662321608,0.0519962602261644,0.0707115244569004,0.0761791273047349,0.1147976149524137,0.064394003622855,10,False
VDss,distribution,descriptors,scaffold,mlp,ig,lime,0.1233242018727216,0.0899354167501649,0.1834417318998349,0.1302281649017149,0.0734921453961701,0.0678588439355621,10,False
VDss,distribution,descriptors,random,rf,shap,lime,0.0220297896564211,0.0606675672610504,0.0319313349989227,0.0887532141709867,0.0763501891984863,0.0345217092408412,10,False
VDss,distribution,descriptors,random,hgb,shap,lime,0.0509878519980392,0.0425132452719649,0.0737114717328894,0.0605914098737559,0.1314628482972136,0.0728676148067272,10,False
VDss,distribution,descriptors,random,mlp,ig,lime,0.100360151490325,0.0790048790064869,0.1490972169319663,0.1176416892307093,0.0505733287467033,0.0528357635016007,10,False
CYP2C9-Sub,metabolism,descriptors,scaffold,rf,shap,lime,0.1064699491680161,0.0608238564533929,0.1582081805565421,0.0870687539475334,0.1495184038527691,0.0722029676066701,10,False
CYP2C9-Sub,metabolism,descriptors,scaffold,hgb,shap,lime,0.0315282668812219,0.0493998682913064,0.0454960191199879,0.0705349648586932,0.0560142185529182,0.051723246185932,10,False
CYP2C9-Sub,metabolism,descriptors,scaffold,mlp,ig,lime,0.0788133804299288,0.0684687084453852,0.1156905508010798,0.0961148056813051,0.0496273363146428,0.0542138595772304,10,False
CYP2C9-Sub,metabolism,descriptors,random,rf,shap,lime,0.0878379590296305,0.0460102386668953,0.1302913006240854,0.0680340894572002,0.0684611856438481,0.0549672186727094,10,False
CYP2C9-Sub,metabolism,descriptors,random,hgb,shap,lime,0.0343801540367493,0.0537130760211209,0.0484669755193037,0.0757119554823824,0.0501662653365439,0.0483598294796707,10,False
CYP2C9-Sub,metabolism,descriptors,random,mlp,ig,lime,0.0647197753473286,0.0455555849108403,0.0965257919096526,0.0681505866714893,0.053630604288499,0.0572703271326119,10,False
CYP3A4-Sub,metabolism,descriptors,scaffold,rf,shap,lime,0.0941809536992535,0.0461827599714068,0.1401495446594916,0.0675194321430505,0.1155816420135305,0.0717545306157045,10,False
CYP3A4-Sub,metabolism,descriptors,scaffold,hgb,shap,lime,0.0590221363825809,0.0524522476010331,0.0849486598518349,0.0746918404731627,0.0761996904024767,0.0562245288565885,10,False
CYP3A4-Sub,metabolism,descriptors,scaffold,mlp,ig,lime,0.0972798989221394,0.0764853151540731,0.1436353416168633,0.1062106446802709,0.0486805248415155,0.0649347001023052,10,False
CYP3A4-Sub,metabolism,descriptors,random,rf,shap,lime,0.0807530135600668,0.0537690024600575,0.1197379997583776,0.0787161693441613,0.0952184382524939,0.0697524700848313,10,False
CYP3A4-Sub,metabolism,descriptors,random,hgb,shap,lime,0.0750609244796914,0.0533970050340669,0.107216640596519,0.0747244461692868,0.1327428047242288,0.0674020843958288,10,False
CYP3A4-Sub,metabolism,descriptors,random,mlp,ig,lime,0.1102181727854523,0.0490838156136304,0.1639920794551238,0.0716004337143042,0.0680197225088865,0.0611699225638869,10,False
HalfLife,excretion,descriptors,scaffold,rf,shap,lime,0.038272285830299,0.0406761718403102,0.0572899947026873,0.0595608552845238,0.1453130374957,0.0729077197740415,10,False
HalfLife,excretion,descriptors,scaffold,hgb,shap,lime,0.0708779859536457,0.0496727600833446,0.1020769108705594,0.0693218720187982,0.106110251117991,0.0771526725684268,10,False
HalfLife,excretion,descriptors,scaffold,mlp,ig,lime,0.2036760674665355,0.0538515726115659,0.3003094097867625,0.0793167530375872,0.0921316772322964,0.0856269499071824,10,False
HalfLife,excretion,descriptors,random,rf,shap,lime,0.0419912534389946,0.0793315227178613,0.0612148143199769,0.1095452372845605,0.1221562894163513,0.0745736483402495,10,False
HalfLife,excretion,descriptors,random,hgb,shap,lime,0.0599381043538883,0.1023513805159526,0.0851580632147888,0.1400277269601768,0.1013831556014218,0.0717505409319499,10,False
HalfLife,excretion,descriptors,random,mlp,ig,lime,0.1890677446256984,0.1043602575438054,0.2772795343401152,0.1427908357346588,0.0848354546496961,0.0728856954309188,10,False
CL-Hepa,excretion,descriptors,scaffold,rf,shap,lime,0.0607006334451766,0.0471902252659826,0.0894625986997024,0.0688824748927958,0.1666758808786672,0.0685149773042615,10,False
CL-Hepa,excretion,descriptors,scaffold,hgb,shap,lime,0.0660996023186694,0.0445592142119813,0.0956302946272015,0.0636804399731067,0.1108508608121611,0.0841060846474953,10,False
CL-Hepa,excretion,descriptors,scaffold,mlp,ig,lime,0.1295566758331457,0.0610289473365453,0.1932753291746715,0.0904673990977301,0.023214080954019,0.0339915870484707,10,False
CL-Hepa,excretion,descriptors,random,rf,shap,lime,0.0589029423639729,0.0461430198734025,0.0876559545311418,0.067674966377028,0.1804910560715514,0.0697158867659377,10,False
CL-Hepa,excretion,descriptors,random,hgb,shap,lime,0.0643752770931496,0.0531965099686946,0.0927984488825222,0.0755471970042422,0.1349873867675725,0.0849228973835168,10,False
CL-Hepa,excretion,descriptors,random,mlp,ig,lime,0.1539789877016514,0.0579989092160401,0.2302928842703318,0.0863554718844242,0.0437965829606696,0.0480276704043332,10,False
DILI,toxicity,ecfp,scaffold,rf,shap,lime,0.0156530356793805,0.0159303558338355,0.0229910624066543,0.0232034522775176,0.228673525190553,0.1009446967404639,10,True
DILI,toxicity,ecfp,scaffold,hgb,shap,lime,0.0462790375291274,0.017019283410513,0.0573642841361905,0.0210358371923509,0.0905400756793945,0.0533715471803555,10,True
DILI,toxicity,ecfp,scaffold,mlp,ig,lime,0.0332242163697907,0.0181949684383429,0.0496171066907107,0.0270588755780545,0.0169762641898864,0.0311372192617641,10,True
DILI,toxicity,ecfp,random,rf,shap,lime,0.0189954399842579,0.0152852827903561,0.0278805313838598,0.0223002993931866,0.2452683210036151,0.0955700542625761,10,True
DILI,toxicity,ecfp,random,hgb,shap,lime,0.0546333250642009,0.016613677614723,0.0677106928265998,0.0205190171532373,0.108115468409586,0.0773197525241783,10,True
DILI,toxicity,ecfp,random,mlp,ig,lime,0.0364652565333003,0.0161680697907174,0.0543517282103939,0.0240297918273296,0.0265623208347666,0.0447408984996144,10,True
hERG,toxicity,ecfp,scaffold,rf,shap,lime,0.0176246670709818,0.0138007480012298,0.025877469235719,0.0201283597581085,0.2385660292007041,0.1011827807470955,10,True
hERG,toxicity,ecfp,scaffold,hgb,shap,lime,0.0313115452275153,0.0163827283573103,0.0393259027253639,0.0204955278342237,0.0726106524481137,0.0586296643323575,10,True
hERG,toxicity,ecfp,scaffold,mlp,ig,lime,0.0302376366634849,0.0156945750842005,0.045158458823813,0.023399367830974,0.0088693957115009,0.0222809234604623,10,True
hERG,toxicity,ecfp,random,rf,shap,lime,0.0195323977658323,0.0160828231974065,0.0286322897207737,0.02350269040231,0.2437265549494651,0.082729479990328,10,True
hERG,toxicity,ecfp,random,hgb,shap,lime,0.0355989962884171,0.019367843958933,0.0446349023970925,0.0242240388490656,0.0587604632496273,0.0515002480552312,10,True
hERG,toxicity,ecfp,random,mlp,ig,lime,0.0314892754936638,0.0157654298906472,0.0470078350029199,0.0234554299054543,0.0106237816764132,0.0235494606487391,10,True
AMES,toxicity,ecfp,scaffold,rf,shap,lime,0.0208851809837616,0.0131348354683032,0.0312077545257435,0.0195221857828187,0.1924928743427195,0.0977938718780955,10,True
AMES,toxicity,ecfp,scaffold,hgb,shap,lime,0.0193234978230719,0.0157939588952459,0.0268027435676478,0.0218360880022651,0.063787123036349,0.05553245805658,10,True
AMES,toxicity,ecfp,scaffold,mlp,ig,lime,0.0274583742766847,0.0143146249518652,0.0411916443804345,0.0213474179907691,0.0089668615984405,0.0246602177011594,10,True
AMES,toxicity,ecfp,random,rf,shap,lime,0.0237927586578278,0.018088334110746,0.0355592355201295,0.0268248903799539,0.1571503545187755,0.0990056652281968,10,True
AMES,toxicity,ecfp,random,hgb,shap,lime,0.0220970852952666,0.0154811835979965,0.0306404949569136,0.0214125389027234,0.0926405064949956,0.0901148228399904,10,True
AMES,toxicity,ecfp,random,mlp,ig,lime,0.0300391089894592,0.0155320378220055,0.0450491801914442,0.0232398229577349,0.017933723196881,0.0324875893270949,10,True
LD50,toxicity,ecfp,scaffold,rf,shap,lime,0.0057606340725015,0.0182593014380977,0.0086344083500676,0.0273005706036938,0.1199618736383442,0.0258911603697933,10,True
LD50,toxicity,ecfp,scaffold,hgb,shap,lime,0.0119385778802231,0.0156444561806182,0.0167063097935427,0.0217942403658773,0.0769865841073271,0.0435370070962956,10,True
LD50,toxicity,ecfp,scaffold,mlp,ig,lime,0.0276628621916218,0.0155498485343491,0.0414842345704921,0.0232772484215198,0.0098440545808966,0.0252545755282227,10,True
LD50,toxicity,ecfp,random,rf,shap,lime,0.0115743326976861,0.0157313509429709,0.0173511345827052,0.0235965210987649,0.1129019444034923,0.0780274851281425,10,True
LD50,toxicity,ecfp,random,hgb,shap,lime,0.0153142457736799,0.0152634277357461,0.0215251309199821,0.0213748229882292,0.1408515632973837,0.1254203030786284,10,True
LD50,toxicity,ecfp,random,mlp,ig,lime,0.0271432377358608,0.0166001796397711,0.0407974459532231,0.0249492922128189,0.0209551656920077,0.0525805651262138,10,True
Caco2,absorption,ecfp,scaffold,rf,shap,lime,0.0132734586564357,0.0151504915863044,0.0198050830452314,0.0224280952148902,0.183276614739463,0.0741675999421895,10,False
Caco2,absorption,ecfp,scaffold,hgb,shap,lime,0.0286273029736154,0.0154615081710028,0.0364407924557832,0.0196759653952123,0.1207229675495929,0.0716592888066496,10,False
Caco2,absorption,ecfp,scaffold,mlp,ig,lime,0.0225961433959412,0.0191775190140867,0.0337616075881469,0.0285948297616758,0.0428497714875423,0.1047873846922724,10,False
Caco2,absorption,ecfp,random,rf,shap,lime,0.0153620146079588,0.0155277968993505,0.0229259996971308,0.0229628439438495,0.1341546267629859,0.0698916280362867,10,False
Caco2,absorption,ecfp,random,hgb,shap,lime,0.0285370395930958,0.0187331714741005,0.0364680137933834,0.02386128624629,0.0898277147116156,0.057901084014284,10,False
Caco2,absorption,ecfp,random,mlp,ig,lime,0.0364155760730139,0.0201374993481062,0.0543717035071672,0.0300132067733815,0.1492675410245069,0.1788029426699325,10,False
HIA,absorption,ecfp,scaffold,rf,shap,lime,0.0131953446801422,0.018425734478746,0.0187350620177635,0.0261371781099461,0.0778478530413515,0.1178620183811019,10,False
HIA,absorption,ecfp,scaffold,hgb,shap,lime,0.0227859087972909,0.0173614160254518,0.0283020295310278,0.0215430610027952,0.021345029239766,0.0315071199591257,10,False
HIA,absorption,ecfp,scaffold,mlp,ig,lime,0.0228612967797445,0.0140873014576293,0.0341892968648668,0.0209415006600297,0.0618330399677148,0.1512677918220759,10,False
HIA,absorption,ecfp,random,rf,shap,lime,0.0103574040379506,0.0198264325748201,0.0147841702392205,0.0281893703486043,0.1143475518862515,0.1012568829882248,10,False
HIA,absorption,ecfp,random,hgb,shap,lime,0.0272377660962656,0.0151394469531248,0.0338254512918961,0.0187616233225587,0.0442839123953675,0.0430836407971953,10,False
HIA,absorption,ecfp,random,mlp,ig,lime,0.0271022729910016,0.0152036377636678,0.0405244293268805,0.0226541787122286,0.0169869117237538,0.0592230387230146,10,False
BBB,distribution,ecfp,scaffold,rf,shap,lime,0.0180322311731505,0.0182614175686578,0.0268335131282305,0.0269729132295427,0.0679609563123495,0.0499769733519778,10,False
BBB,distribution,ecfp,scaffold,hgb,shap,lime,0.0168951656761682,0.0162069192048525,0.0221912751534599,0.0212571442796628,0.0168615984405458,0.0286309257167474,10,False
BBB,distribution,ecfp,scaffold,mlp,ig,lime,0.0232110647718124,0.0140429847554993,0.0347515380980479,0.0210653617014265,0.0096491228070175,0.0203652399407787,10,False
BBB,distribution,ecfp,random,rf,shap,lime,0.0181883666513292,0.0167309244560352,0.027173552157173,0.0249153431673761,0.1161979704162366,0.0767178035704305,10,False
BBB,distribution,ecfp,random,hgb,shap,lime,0.0110752477627818,0.0153369247965507,0.0145841669405781,0.0201404183303635,0.0187306501547987,0.031610422607029,10,False
BBB,distribution,ecfp,random,mlp,ig,lime,0.0217012564985292,0.0164745271359158,0.032601151562506,0.0247438701256149,0.0126877651645453,0.0312941774016229,10,False
VDss,distribution,ecfp,scaffold,rf,shap,lime,0.0031531007555965,0.0156522638281175,0.0045980998630516,0.02287645566858,0.1167067996789359,0.0419559078062319,10,False
VDss,distribution,ecfp,scaffold,hgb,shap,lime,0.0203341744162025,0.0187816181816701,0.0259558650908719,0.0239214922413249,0.089250085999312,0.0379155313225035,10,False
VDss,distribution,ecfp,scaffold,mlp,ig,lime,0.0304734452494223,0.0186303461919559,0.0456109861821797,0.0278150790939939,0.0121588693957115,0.0377195737053674,10,False
VDss,distribution,ecfp,random,rf,shap,lime,0.005808451248625,0.0160552870180214,0.0084549179826119,0.0234648081347416,0.1191018805182891,0.0294962483002712,10,False
VDss,distribution,ecfp,random,hgb,shap,lime,0.0218059903766996,0.0150240754645174,0.0278418215450284,0.0191701551748342,0.0599931200550395,0.0441656029111736,10,False
VDss,distribution,ecfp,random,mlp,ig,lime,0.0240462049101858,0.0200330055870998,0.0360467345359026,0.0300503796937125,0.0088693957115009,0.0222809234604623,10,False
CYP2C9-Sub,metabolism,ecfp,scaffold,hgb,shap,lime,0.032372453582928,0.0168143573446526,0.0404875513390414,0.0209784946431093,0.0415376676986584,0.04242294719349,10,False
CYP2C9-Sub,metabolism,ecfp,scaffold,mlp,ig,lime,0.0245560654199909,0.013859288013693,0.0367671380153894,0.020667891529041,0.0061403508771929,0.0168959300739107,10,False
CYP2C9-Sub,metabolism,ecfp,random,rf,shap,lime,0.0216102512361153,0.0145389746751321,0.031473274257819,0.0211107178200244,0.1967964468738462,0.1230804766404018,10,False
CYP2C9-Sub,metabolism,ecfp,random,hgb,shap,lime,0.0265200882974641,0.0187286486728117,0.0331818025125102,0.0234014907680549,0.0185185185185185,0.0272032860369451,10,False
CYP2C9-Sub,metabolism,ecfp,random,mlp,ig,lime,0.0218520433611461,0.0158295296555408,0.0327442304999043,0.0236482886306734,0.0459483298492586,0.1192090992678617,10,False
CYP3A4-Sub,metabolism,ecfp,scaffold,rf,shap,lime,0.0176487552011858,0.0149240931403317,0.0260537934487326,0.0219245075649556,0.1291910331384015,0.0640083802578702,10,False
CYP3A4-Sub,metabolism,ecfp,scaffold,hgb,shap,lime,0.0352412489946939,0.0189316903131655,0.0440552122838735,0.0235801396416454,0.0345373237014103,0.044756725647437,10,False
CYP3A4-Sub,metabolism,ecfp,scaffold,mlp,ig,lime,0.0283543827527542,0.0145397317504329,0.0423676467523728,0.0216758515027114,0.0053606237816764,0.0190183394747445,10,False
CYP3A4-Sub,metabolism,ecfp,random,rf,shap,lime,0.0192518803157547,0.0176979468196912,0.0284026426602808,0.0260395464531046,0.1579182842727734,0.0794249260812152,10,False
CYP3A4-Sub,metabolism,ecfp,random,hgb,shap,lime,0.037929982694484,0.019970680871324,0.0474930615571147,0.0248836793409018,0.0474830868019722,0.0483882791450929,10,False
CYP3A4-Sub,metabolism,ecfp,random,mlp,ig,lime,0.0264674845126272,0.0152460243141288,0.0396613764073566,0.0227296226663469,0.0153193441119137,0.0323129505805385,10,False
HalfLife,excretion,ecfp,scaffold,rf,shap,lime,0.0089028277835144,0.016921985790681,0.0126543784595135,0.0239840344219355,0.0375515995872033,0.0587877689484842,10,False
HalfLife,excretion,ecfp,scaffold,mlp,ig,lime,0.0361780174064864,0.0186935874928604,0.0541435226621677,0.0278785902047242,0.0080896686159844,0.0240191622245552,10,False
HalfLife,excretion,ecfp,random,rf,shap,lime,0.0137287736225792,0.0205575695414158,0.0194406643257614,0.0291204877726471,0.0556974544203646,0.0681369910041541,10,False
HalfLife,excretion,ecfp,random,hgb,shap,lime,0.0263806309404294,0.0171034771354403,0.0329448152070091,0.0213245090413909,0.0396686159844054,0.0412973670959696,10,False
HalfLife,excretion,ecfp,random,mlp,ig,lime,0.0368203107694543,0.0167245485742904,0.0550383095893305,0.024932368725513,0.0080896686159844,0.0240191622245552,10,False
CL-Hepa,excretion,ecfp,scaffold,rf,shap,lime,0.0074228212328687,0.0164782946949948,0.0110446614973601,0.0243656267684595,0.0724515537209035,0.0336674784075677,10,False
CL-Hepa,excretion,ecfp,scaffold,hgb,shap,lime,0.0272558140412472,0.0172615742834341,0.0353209502595281,0.0222528201925171,0.0660460382983602,0.0590786366229279,10,False
CL-Hepa,excretion,ecfp,scaffold,mlp,ig,lime,0.0358796581697866,0.0150797363367713,0.0537097281365882,0.0225669002802838,0.0199977066850131,0.051812977203818,10,False
CL-Hepa,excretion,ecfp,random,rf,shap,lime,0.0158821504180164,0.0171551871742203,0.0234644632186027,0.0253618936445132,0.1461744639376218,0.0802438163798248,10,False
CL-Hepa,excretion,ecfp,random,hgb,shap,lime,0.027122930293879,0.0182906132762557,0.0350133973145456,0.0235796162935433,0.0587432633872262,0.0511277346584438,10,False
CL-Hepa,excretion,ecfp,random,mlp,ig,lime,0.0348590998920908,0.0163172852782874,0.0521507744961865,0.0244022135117279,0.0228729503497305,0.0539094399583173,10,False
