endpoint,category,representation,split,model,method_a,method_b,kendall_mean,kendall_std,spearman_mean,spearman_std,jaccard_mean,jaccard_std,top_k
DILI,toxicity,descriptors,scaffold,rf,shap,lime,0.1608285437142801,0.050467077363661385,0.23628052008890704,0.07212085174680301,0.24619289236162298,0.10098940458674735,10
DILI,toxicity,descriptors,scaffold,rf,shap,random,-0.00135025558327551,0.0454533927791689,-0.00192451228691469,0.06727710794189315,0.024951267056530214,0.03352373150363455,10
DILI,toxicity,descriptors,scaffold,rf,lime,random,0.008108607839790635,0.04271892071676837,0.011648021314342711,0.06452852054905128,0.026023391812865497,0.036636155077032266,10
DILI,toxicity,descriptors,scaffold,hgb,shap,lime,0.1080227322189875,0.045968097689502656,0.15325759154851698,0.063951771048813,0.1761650859174079,0.08258725306034684,10
DILI,toxicity,descriptors,scaffold,hgb,shap,random,0.0004099097453521761,0.04990530029079169,0.0011458418799112043,0.07048790250476147,0.02563352826510721,0.030143758145464432,10
DILI,toxicity,descriptors,scaffold,hgb,lime,random,-0.003601297149684246,0.03733065188785249,-0.005165013129647637,0.054532928860166315,0.01783625730994152,0.03074905851739029,10
DILI,toxicity,descriptors,scaffold,mlp,ig,lime,0.14201619321650386,0.048310772581475266,0.2120301298162245,0.07223624927298991,0.07083906662080036,0.05965721732671732,10
DILI,toxicity,descriptors,scaffold,mlp,ig,random,-0.006628105366543172,0.04994370287382201,-0.009903455966187828,0.07383503025042175,0.02231968810916179,0.0333126652977386,10
DILI,toxicity,descriptors,scaffold,mlp,lime,random,-0.007882460032997668,0.042912913719257505,-0.012303074858564649,0.06391619712076609,0.016861598440545807,0.0286309257167474,10
DILI,toxicity,descriptors,random,rf,shap,lime,0.14610355138061626,0.0509351085712623,0.21456853867078282,0.07307537110234384,0.2896280734516028,0.1143933546002234,10
DILI,toxicity,descriptors,random,rf,shap,random,0.003668850407628534,0.04773473610460536,0.005120380175771413,0.0709117674229686,0.017641325536062378,0.026936404380522357,10
DILI,toxicity,descriptors,random,rf,lime,random,0.007329180178642546,0.04489798038582558,0.011670432534593527,0.0668762778110093,0.026608187134502918,0.031895478818004704,10
DILI,toxicity,descriptors,random,hgb,shap,lime,0.10137508877693398,0.048851546689770965,0.14262382702666637,0.06771929582346081,0.17069286779039097,0.07314380686615075,10
DILI,toxicity,descriptors,random,hgb,shap,random,0.0013779918196492817,0.04886484101855159,0.001988124851395573,0.06830851593008455,0.02672285288384359,0.0341303806775553,10
DILI,toxicity,descriptors,random,hgb,lime,random,0.002554474597485349,0.04899600126481611,0.0039976136454384446,0.0732931425289959,0.02748538011695906,0.03187536859628455,10
DILI,toxicity,descriptors,random,mlp,ig,lime,0.13652470458432334,0.051180650510297805,0.2026011811733689,0.07513603239830949,0.081869911707373,0.05509871622873603,10
DILI,toxicity,descriptors,random,mlp,ig,random,0.004539382302119336,0.04543597559169355,0.006603248371573087,0.06745089217146476,0.025828460038986353,0.03354795083722362,10
DILI,toxicity,descriptors,random,mlp,lime,random,0.003658189679695055,0.044373975515334736,0.004784492140218683,0.06618323447046427,0.019883040935672513,0.03606817297101584,10
hERG,toxicity,descriptors,scaffold,rf,shap,lime,0.1195445687088947,0.04325014629192173,0.17751456058322965,0.06173190596195989,0.14085253984634788,0.08119030756527322,10
hERG,toxicity,descriptors,scaffold,rf,shap,random,0.0037473711985967855,0.04497140321857127,0.005597915702320296,0.06658051892029637,0.020467836257309944,0.03135615583264213,10
hERG,toxicity,descriptors,scaffold,rf,lime,random,-0.0018589634181032043,0.04079610984881979,-0.0027305282706288924,0.06152107832074881,0.025048732943469782,0.03510544819592528,10
hERG,toxicity,descriptors,scaffold,hgb,shap,lime,0.08344307263217222,0.0518242815597421,0.11934973038885553,0.0738899058969618,0.09920020639834881,0.060905320534691255,10
hERG,toxicity,descriptors,scaffold,hgb,shap,random,-0.006341812634676084,0.04757333511830912,-0.008198584752976225,0.0686047761651054,0.024074074074074074,0.03347651725346958,10
hERG,toxicity,descriptors,scaffold,hgb,lime,random,-0.009363088126528989,0.04271081818347592,-0.014712466980149727,0.0633046914469456,0.02448113748423346,0.03993575287413225,10
hERG,toxicity,descriptors,scaffold,mlp,ig,lime,0.1004040400416826,0.04811673786108874,0.14974650906660728,0.07115889675062183,0.0638845889232886,0.05643434658626409,10
hERG,toxicity,descriptors,scaffold,mlp,ig,random,-0.0067367844035941,0.049506495662293225,-0.010556502196293789,0.07304814684158625,0.02037037037037037,0.02955949301281964,10
hERG,toxicity,descriptors,scaffold,mlp,lime,random,-0.005932468566877168,0.039908306754246524,-0.008625129378310793,0.05896928298996565,0.022434353858502464,0.03547222114997574,10
hERG,toxicity,descriptors,random,rf,shap,lime,0.13829346898658054,0.039349728194611945,0.2052271572293177,0.056846440879215664,0.15202937900306318,0.09200261593966394,10
hERG,toxicity,descriptors,random,rf,shap,random,-0.005654449302777216,0.04372783103199794,-0.008402205298582922,0.06497402300857963,0.022222222222222216,0.03163304873987958,10
hERG,toxicity,descriptors,random,rf,lime,random,0.0023453945496956243,0.04825724744106333,0.003734139902384946,0.07233004935455568,0.016099071207430336,0.030860522091336502,10
hERG,toxicity,descriptors,random,hgb,shap,lime,0.09488130426830166,0.0463180263849536,0.13514993943022,0.06513265038558201,0.09727238848755877,0.06184435355370537,10
hERG,toxicity,descriptors,random,hgb,shap,random,0.0033671555061129134,0.048138260170380746,0.004340924104900606,0.06824490197335244,0.022336887971562892,0.03390010219234076,10
hERG,toxicity,descriptors,random,hgb,lime,random,-0.003702281390453432,0.05373768199604772,-0.005582703470392134,0.080181885534189,0.02896456828345373,0.041225110142920546,10
hERG,toxicity,descriptors,random,mlp,ig,lime,0.07411415499455766,0.04671471450753095,0.11063417498855227,0.06850181665944721,0.07773477812177502,0.07115212678278605,10
hERG,toxicity,descriptors,random,mlp,ig,random,0.0005197545789961677,0.045584993571986275,0.0004303427992280462,0.06891771750202913,0.029841761265909872,0.041159364164178286,10
hERG,toxicity,descriptors,random,mlp,lime,random,0.0008391648176594419,0.04312546045935241,0.0020838128747273465,0.06359048297717862,0.021654626762985896,0.03687699835757839,10
AMES,toxicity,descriptors,scaffold,rf,shap,lime,0.09285562073905239,0.05592941055764687,0.13729753937294664,0.08125828952238487,0.15646714826281388,0.07592448858585481,10
AMES,toxicity,descriptors,scaffold,rf,shap,random,0.00047657662587646165,0.046110129640750314,0.0004075734319268217,0.06839703438522061,0.026138057562206166,0.0385992653684101,10
AMES,toxicity,descriptors,scaffold,rf,lime,random,0.0002375263127951299,0.042110563920703115,0.00013716841180587552,0.06229675859376665,0.026917784657722734,0.03716553574857813,10
AMES,toxicity,descriptors,scaffold,hgb,shap,lime,0.07156927823045424,0.047320038565369864,0.1054220084229586,0.06839228794370089,0.1168888315560142,0.0545761881072994,10
AMES,toxicity,descriptors,scaffold,hgb,shap,random,-0.006817503195847891,0.04570624707819444,-0.009566148532554341,0.06791348797246081,0.027680311890838204,0.03510179488089799,10
AMES,toxicity,descriptors,scaffold,hgb,lime,random,-0.00011662968652215965,0.04412838192251741,-0.0006944150847672611,0.06654424152939468,0.021442495126705655,0.03319568492383313,10
AMES,toxicity,descriptors,scaffold,mlp,ig,lime,0.05251861493375961,0.0492286874096919,0.07804733231533852,0.07365529431592518,0.05433293200321065,0.054267176559321,10
AMES,toxicity,descriptors,scaffold,mlp,ig,random,0.0011634770614184632,0.04057970199035613,0.0017237365132614045,0.0608741290355259,0.027582846003898636,0.03352755677206344,10
AMES,toxicity,descriptors,scaffold,mlp,lime,random,-0.001817716333845367,0.046695725338906785,-0.0024336627880575793,0.06988237874572187,0.027015250544662302,0.03859333659873796,10
AMES,toxicity,descriptors,random,rf,shap,lime,0.11997069682623258,0.0768415519655652,0.17736204883514253,0.10671633861022484,0.14328202041050336,0.08301294212603771,10
AMES,toxicity,descriptors,random,rf,shap,random,-0.003906505715393327,0.041017612216425164,-0.006196024363301469,0.06007959658159551,0.026705653021442493,0.033549225054668924,10
AMES,toxicity,descriptors,random,rf,lime,random,0.00343773112590317,0.03822340757713077,0.0049122263090892885,0.05678988850641047,0.028867102396514157,0.039896379634196864,10
AMES,toxicity,descriptors,random,hgb,shap,lime,0.08297010118658442,0.04339939024708781,0.12214612447032244,0.06247073507872649,0.10771127164316016,0.0738438981570302,10
AMES,toxicity,descriptors,random,hgb,shap,random,0.0038701523509596047,0.04690638040119927,0.006042324277512801,0.06861257328237041,0.022336887971562892,0.03390010219234076,10
AMES,toxicity,descriptors,random,hgb,lime,random,-0.005676452181828527,0.041545576218719654,-0.008533037857542149,0.062048060382414685,0.025163398692810455,0.037152542862751686,10
AMES,toxicity,descriptors,random,mlp,ig,lime,0.05800174949582339,0.051619605109973356,0.08570223426230683,0.07684938878028465,0.07087776631120282,0.06041059234897446,10
AMES,toxicity,descriptors,random,mlp,ig,random,-0.004517363260470711,0.044932679397045754,-0.006774541981561822,0.06759944027499558,0.0195906432748538,0.031179792719423203,10
AMES,toxicity,descriptors,random,mlp,lime,random,0.004996586448199351,0.05184131598389739,0.00735338560138797,0.07690741994348588,0.026705653021442493,0.033549225054668924,10
LD50,toxicity,descriptors,scaffold,rf,shap,lime,0.05070917561004921,0.07321722292900125,0.0748846842987431,0.1048092422671619,0.1468243730240634,0.07762508949705522,10
LD50,toxicity,descriptors,scaffold,rf,shap,random,0.0035039051627872436,0.04698187364751225,0.004943024275983246,0.07001819673174584,0.015984405458089667,0.028326209414803454,10
LD50,toxicity,descriptors,scaffold,rf,lime,random,0.013344142914035387,0.04089619896338982,0.01987194091736856,0.06074114667514796,0.01783625730994152,0.03074905851739029,10
LD50,toxicity,descriptors,scaffold,hgb,shap,lime,0.06169332705834141,0.08475501340171739,0.089596731666333,0.12053029609611958,0.07214768948515077,0.053612603534039856,10
LD50,toxicity,descriptors,scaffold,hgb,shap,random,0.011391032467445421,0.049560515329418804,0.01681031486180897,0.07271813631689383,0.025146198830409354,0.03661864843146963,10
LD50,toxicity,descriptors,scaffold,hgb,lime,random,0.01301701086647323,0.04371210600519411,0.019652232666438056,0.06581692848071491,0.020467836257309937,0.03135615583264213,10
LD50,toxicity,descriptors,scaffold,mlp,ig,lime,0.10511956159490882,0.08411928832943798,0.1549068874684135,0.11959182358992046,0.07366017482116552,0.08885719915306758,10
LD50,toxicity,descriptors,scaffold,mlp,ig,random,0.00457332255984779,0.03544094559512686,0.006947684620583384,0.052439744884775444,0.025065932805870886,0.03566205089527956,10
LD50,toxicity,descriptors,scaffold,mlp,lime,random,0.00616857256642203,0.042462404259359876,0.008856444488288229,0.06264281889300836,0.026803118908382065,0.03512492612532629,10
LD50,toxicity,descriptors,random,rf,shap,lime,0.04582853278712791,0.05941148137409825,0.06787792327853327,0.08690794201279392,0.10423689943813781,0.050356289571468066,10
LD50,toxicity,descriptors,random,rf,shap,random,-0.009445369143822496,0.043337289676193706,-0.014473854445707968,0.06494394260233079,0.0320662768031189,0.034654434359278806,10
LD50,toxicity,descriptors,random,rf,lime,random,-0.00522557888149286,0.04926559525623605,-0.007594722147844373,0.07308744602189754,0.03529985093452585,0.042923224890641064,10
LD50,toxicity,descriptors,random,hgb,shap,lime,0.0544481914856418,0.05189552477500799,0.07928857087723826,0.07584684144244876,0.08906088751289988,0.04844806486383078,10
LD50,toxicity,descriptors,random,hgb,shap,random,-0.01663144232074241,0.03984254223932878,-0.023530311383084722,0.05863549552015869,0.02417153996101364,0.035062802502295286,10
LD50,toxicity,descriptors,random,hgb,lime,random,-0.00955510041531547,0.04079667774511709,-0.014540380125612448,0.06034728720178657,0.020662768031189084,0.034670466882611245,10
LD50,toxicity,descriptors,random,mlp,ig,lime,0.07417317519071329,0.059801828667840166,0.11182488936800024,0.08721374213975276,0.07043200321064096,0.05587967128043776,10
LD50,toxicity,descriptors,random,mlp,ig,random,0.0054125948181091245,0.04468247237424606,0.008164646812846928,0.06744448346859995,0.026820318770783166,0.03568037928520318,10
LD50,toxicity,descriptors,random,mlp,lime,random,0.0043622347385788235,0.04109007620705428,0.006841548562471913,0.06135272694580744,0.025828460038986353,0.03354795083722362,10
Caco2,absorption,descriptors,scaffold,rf,shap,lime,0.055529988386998956,0.050446410196370604,0.08200501876925499,0.07294841556831433,0.24983066325945583,0.07850287999718553,10
Caco2,absorption,descriptors,scaffold,rf,shap,random,-0.004048957769860457,0.0539095366842647,-0.005183633118133303,0.07966229960582678,0.030506822612085767,0.03785530380786933,10
Caco2,absorption,descriptors,scaffold,rf,lime,random,-0.001251635660237811,0.04751427933965041,-0.001489024961206081,0.07101141658012514,0.022222222222222216,0.031633048739879585,10
Caco2,absorption,descriptors,scaffold,hgb,shap,lime,0.06481138367353911,0.049364204859015395,0.09223515230857543,0.06923172418158946,0.18564589578521465,0.07392363663238771,10
Caco2,absorption,descriptors,scaffold,hgb,shap,random,0.007785924982938704,0.04284278546133526,0.011006520766333563,0.061803542770853453,0.024463937621832358,0.03943925531504006,10
Caco2,absorption,descriptors,scaffold,hgb,lime,random,-0.004943960857939352,0.047812740484311174,-0.007602277371439845,0.07059141042613057,0.024188739823414743,0.03562049516125338,10
Caco2,absorption,descriptors,scaffold,mlp,ig,lime,0.09712036423384754,0.05453240522638849,0.14354767848293434,0.08039040062811331,0.08678763903222106,0.06483135993177119,10
Caco2,absorption,descriptors,scaffold,mlp,ig,random,-0.005114409300942396,0.04006417720016944,-0.007751746758072318,0.060063039673905035,0.03880862286435042,0.04203624280567644,10
Caco2,absorption,descriptors,scaffold,mlp,lime,random,0.0009728622631848438,0.041083391168623355,0.0014535388980491074,0.061491491683561376,0.027892443527118446,0.038567460865463914,10
Caco2,absorption,descriptors,random,rf,shap,lime,0.062071056059739914,0.05098902895637368,0.09224626222007141,0.07424588491630874,0.27360243242596183,0.08168936648947603,10
Caco2,absorption,descriptors,random,rf,shap,random,-0.005163690000428374,0.0358912506727646,-0.007876848987785496,0.054093214683687614,0.027582846003898633,0.033527556772063434,10
Caco2,absorption,descriptors,random,rf,lime,random,0.0016555726233145598,0.0497743480190128,0.0028122264656742298,0.07473087592887773,0.028752436647173484,0.03800857187142386,10
Caco2,absorption,descriptors,random,hgb,shap,lime,0.06841736170882116,0.048558512784383355,0.09820120799078666,0.06871175423035715,0.18756593280587086,0.07036287351024353,10
Caco2,absorption,descriptors,random,hgb,shap,random,-0.006604789711375939,0.04219753743712883,-0.009774967697780588,0.06066151955843672,0.025828460038986353,0.03354795083722362,10
Caco2,absorption,descriptors,random,hgb,lime,random,-0.007460032997667406,0.04728483758969809,-0.011425279230103143,0.07051047088107561,0.01608187134502924,0.03021049461954945,10
Caco2,absorption,descriptors,random,mlp,ig,lime,0.07713674620329301,0.05764598328045377,0.11512337923686652,0.08542948014958616,0.038906088751289994,0.043276972969211985,10
Caco2,absorption,descriptors,random,mlp,ig,random,-0.009871010504016746,0.05286763230118506,-0.014296127357693693,0.07807736026352696,0.024853801169590642,0.03186329637091135,10
Caco2,absorption,descriptors,random,mlp,lime,random,0.0023425499231950835,0.0443985922233475,0.0034925880516291892,0.066225838841054,0.02660818713450292,0.031895478818004704,10
HIA,absorption,descriptors,scaffold,rf,shap,lime,0.0804219573523385,0.04008767191827047,0.1184715630896755,0.05771590317879595,0.1559669189313152,0.08005700434760378,10
HIA,absorption,descriptors,scaffold,rf,shap,random,-0.0040484149121868375,0.04204545894394444,-0.005478085804417678,0.06172385501416325,0.024171539961013642,0.035062802502295286,10
HIA,absorption,descriptors,scaffold,rf,lime,random,0.005044945098708538,0.04388569443409046,0.007117627393596613,0.065617067775738,0.0297442953789703,0.03983058690006433,10
HIA,absorption,descriptors,scaffold,hgb,shap,lime,0.047203076330530495,0.045536080223931547,0.06730683188898222,0.06343960026716029,0.0779153766769866,0.053788290146948574,10
HIA,absorption,descriptors,scaffold,hgb,shap,random,0.003139647057996586,0.05021596271072704,0.0047249404818806694,0.07059664705160901,0.03422772617819058,0.040545369563772624,10
HIA,absorption,descriptors,scaffold,hgb,lime,random,-0.0022685896341810325,0.04435468113068083,-0.002739884221091678,0.06607732281353468,0.02953216374269006,0.03649586677669249,10
HIA,absorption,descriptors,scaffold,mlp,ig,lime,0.07228230948578872,0.04955232204710525,0.1069691045470484,0.07283935116285044,0.07222508886595572,0.055272216046951046,10
HIA,absorption,descriptors,scaffold,mlp,ig,random,0.0008839982553116328,0.03984711674168745,0.0015073552653521614,0.05982314871841698,0.0297270955165692,0.03933506331719703,10
HIA,absorption,descriptors,scaffold,mlp,lime,random,0.006896796950560393,0.04713873178447845,0.009120662009830405,0.06989716741962232,0.02087489966746932,0.038214285205011064,10
HIA,absorption,descriptors,random,rf,shap,lime,0.07813654990875886,0.04589467177801376,0.11592756630669838,0.0661736142163376,0.16933899290710433,0.08062703377071415,10
HIA,absorption,descriptors,random,rf,shap,random,0.0023074015086521705,0.04745037167036945,0.003037284404505266,0.0711278597720263,0.02037037037037037,0.02955949301281964,10
HIA,absorption,descriptors,random,rf,lime,random,-0.008961995789952779,0.041216015586838996,-0.013228961638254329,0.060933803998561034,0.01881091617933723,0.03270136651870214,10
HIA,absorption,descriptors,random,hgb,shap,lime,0.033918112374777445,0.04939201583755936,0.048322891185408196,0.07025642751699396,0.07939169819974772,0.05955352316228908,10
HIA,absorption,descriptors,random,hgb,shap,random,0.0012327997210404332,0.04440493013619083,0.0027709449221227983,0.06322040150309229,0.027680311890838204,0.03510179488089799,10
HIA,absorption,descriptors,random,hgb,lime,random,-0.0016882858280707744,0.04924270094829566,-0.0034173489855644354,0.07363841125449194,0.026917784657722734,0.03716553574857812,10
HIA,absorption,descriptors,random,mlp,ig,lime,0.10161574828714315,0.04891372867788353,0.1503018598116853,0.07208444870844598,0.06521471161564042,0.050707495720511635,10
HIA,absorption,descriptors,random,mlp,ig,random,-0.0002673557589569014,0.04959519622422452,0.0001578744428950817,0.07370653102976035,0.025782593739250084,0.04593277597213601,10
HIA,absorption,descriptors,random,mlp,lime,random,0.0029100529100529117,0.044179457345965595,0.0045450933324564565,0.06611120867399842,0.02231968810916179,0.0333126652977386,10
BBB,distribution,descriptors,scaffold,rf,shap,lime,0.11398073227820321,0.04438707506489894,0.16931543358272164,0.06397649548534252,0.2344448980671891,0.09649672034410994,10
BBB,distribution,descriptors,scaffold,rf,shap,random,-0.00034873469464208817,0.03506982772038465,-0.0010159980651724978,0.05265713228514233,0.025146198830409354,0.03661864843146963,10
BBB,distribution,descriptors,scaffold,rf,lime,random,-0.007819878249985777,0.04425428325445989,-0.01093123415556088,0.06659238354462294,0.0239766081871345,0.0318109304537056,10
BBB,distribution,descriptors,scaffold,hgb,shap,lime,0.04725049786836817,0.04356037761241825,0.06902971913536365,0.06333420021668128,0.05874326338722624,0.05112773465844381,10
BBB,distribution,descriptors,scaffold,hgb,shap,random,0.0035137270762631147,0.044019209967148976,0.005585140808531972,0.06450993054320206,0.025260864579750027,0.03858525636925922,10
BBB,distribution,descriptors,scaffold,hgb,lime,random,0.0007680491551459299,0.04742440209018663,0.0009076054873628115,0.07082269147481628,0.023001949317738794,0.029968818777353,10
BBB,distribution,descriptors,scaffold,mlp,ig,lime,0.09093056643939075,0.10059282184452009,0.1328849085961898,0.13676349433432708,0.07619252379314297,0.06511695602547354,10
BBB,distribution,descriptors,scaffold,mlp,ig,random,0.0013971588027644971,0.03951238961916754,0.0021866822941202135,0.058985050711442465,0.028752436647173488,0.03800857187142386,10
BBB,distribution,descriptors,scaffold,mlp,lime,random,-0.00023183705979405004,0.05103036146696342,-0.000627063985306069,0.07660483797751455,0.021247563352826508,0.029722461531253398,10
BBB,distribution,descriptors,random,rf,shap,lime,0.11391296608885454,0.05696101243606637,0.1681293879077807,0.0802823935240507,0.24629450070626543,0.10827926296925228,10
BBB,distribution,descriptors,random,rf,shap,random,0.006869259512563249,0.051255667373521344,0.01040777577092634,0.07592714491529211,0.031286549707602335,0.03629855228404168,10
BBB,distribution,descriptors,random,rf,lime,random,-0.0005191443363486371,0.040271494889412916,-0.0006805964633724321,0.05988587219605486,0.02748538011695906,0.03187536859628455,10
BBB,distribution,descriptors,random,hgb,shap,lime,0.05120028821867,0.04898617040050815,0.07478859817173325,0.07052031478537663,0.1091226054074351,0.09597262287946463,10
BBB,distribution,descriptors,random,hgb,shap,random,0.004595666492874195,0.03759648497623505,0.007167515163847096,0.05419015173444186,0.022027290448343076,0.027971860532788547,10
BBB,distribution,descriptors,random,hgb,lime,random,0.008663310007396032,0.04929540786926907,0.01298102895099048,0.07400580416427358,0.025048732943469786,0.03510544819592528,10
BBB,distribution,descriptors,random,mlp,ig,lime,0.08310249339172245,0.04612406364891983,0.12423372657766316,0.06873013633563432,0.06135764247219356,0.04897253070537106,10
BBB,distribution,descriptors,random,mlp,ig,random,0.002324803954905487,0.044281427525527044,0.003579842652232839,0.06637408415534765,0.02680311890838206,0.03512492612532629,10
BBB,distribution,descriptors,random,mlp,lime,random,-0.006801501962792284,0.0434688639534624,-0.010477783728005684,0.06532106451668648,0.02037037037037037,0.029559493012819644,10
VDss,distribution,descriptors,scaffold,rf,shap,lime,0.030058087482776337,0.07601017805001131,0.043878633558401506,0.11092197564709425,0.0889089553950235,0.0475266470227965,10
VDss,distribution,descriptors,scaffold,rf,shap,random,0.006051302851419496,0.050856304589017354,0.009040580942165614,0.07450546369875098,0.022239422084623324,0.032251145480296894,10
VDss,distribution,descriptors,scaffold,rf,lime,random,-0.0019258121408659054,0.04082578688622507,-0.0030040234501613606,0.061106962218440655,0.036859305125559,0.0399419580538772,10
VDss,distribution,descriptors,scaffold,hgb,shap,lime,0.04789176623216085,0.05199626022616441,0.07071152445690049,0.0761791273047349,0.11479761495241371,0.06439400362285504,10
VDss,distribution,descriptors,scaffold,hgb,shap,random,-0.0037747640389723456,0.04513699312673878,-0.006103679996310185,0.06551240691472862,0.023214080954019032,0.03399158704847078,10
VDss,distribution,descriptors,scaffold,hgb,lime,random,0.00031433122830972345,0.04764265647850171,0.00030377479326872505,0.07199540218257552,0.0239766081871345,0.0318109304537056,10
VDss,distribution,descriptors,scaffold,mlp,ig,lime,0.12332420187272163,0.08993541675016492,0.18344173189983498,0.13022816490171496,0.07349214539617015,0.06785884393556212,10
VDss,distribution,descriptors,scaffold,mlp,ig,random,0.007896353216290435,0.04034574402010829,0.012617125311747076,0.06001709389850303,0.03081642013530558,0.04236231213070817,10
VDss,distribution,descriptors,scaffold,mlp,lime,random,0.00023752631279512967,0.043658686126992245,0.00034243170156162035,0.06502351838135141,0.02496846691893131,0.03410620629369653,10
VDss,distribution,descriptors,random,rf,shap,lime,0.022029789656421113,0.06066756726105046,0.03193133499892275,0.08875321417098678,0.07635018919848639,0.03452170924084127,10
VDss,distribution,descriptors,random,rf,shap,random,-0.004684307011544005,0.039402263810044205,-0.006519335967603773,0.05821768018829965,0.022222222222222216,0.03163304873987958,10
VDss,distribution,descriptors,random,rf,lime,random,-0.002099334357398875,0.04662269383780732,-0.0025171225637339863,0.06960858907589763,0.021247563352826508,0.029722461531253398,10
VDss,distribution,descriptors,random,hgb,shap,lime,0.05098785199803925,0.04251324527196496,0.07371147173288947,0.06059140987375591,0.13146284829721364,0.07286761480672727,10
VDss,distribution,descriptors,random,hgb,shap,random,0.01257289732829802,0.041797409818764356,0.018263053710927728,0.06097613386441723,0.021247563352826508,0.029722461531253398,10
VDss,distribution,descriptors,random,hgb,lime,random,0.007063207600842011,0.03580317712121558,0.010378665457830892,0.0540437766150405,0.028947368421052628,0.04074621991378768,10
VDss,distribution,descriptors,random,mlp,ig,lime,0.10036015149032508,0.07900487900648699,0.14909721693196631,0.11764168923070936,0.050573328746703373,0.05283576350160072,10
VDss,distribution,descriptors,random,mlp,ig,random,0.002405557689571948,0.04393767666160637,0.0035875462061998762,0.06507128918995071,0.02876963650957459,0.03852159797227722,10
VDss,distribution,descriptors,random,mlp,lime,random,-0.00017921146953405026,0.045835978949635516,7.155931985763271e-05,0.06812068468381272,0.027680311890838204,0.03510179488089799,10
CYP2C9-Sub,metabolism,descriptors,scaffold,rf,shap,lime,0.10646994916801619,0.060823856453392965,0.15820818055654212,0.08706875394753341,0.14951840385276918,0.0722029676066701,10
CYP2C9-Sub,metabolism,descriptors,scaffold,rf,shap,random,-0.0019435952684123234,0.04250827541001526,-0.0025402367134042575,0.06320722738087108,0.02319688109161793,0.03340621058813724,10
CYP2C9-Sub,metabolism,descriptors,scaffold,rf,lime,random,-0.0007367582636399842,0.04059736383545277,-0.0015615042176154914,0.06015975953049466,0.015319344111913772,0.03231295058053857,10
CYP2C9-Sub,metabolism,descriptors,scaffold,hgb,shap,lime,0.03152826688122198,0.04939986829130643,0.04549601911998791,0.07053496485869323,0.05601421855291825,0.05172324618593205,10
CYP2C9-Sub,metabolism,descriptors,scaffold,hgb,shap,random,-0.002739737518443459,0.04779695965936975,-0.003844297397584347,0.06822138544647084,0.023506478614837747,0.03849730702414999,10
CYP2C9-Sub,metabolism,descriptors,scaffold,hgb,lime,random,-0.005844285145360413,0.0423509350700515,-0.009308544370692938,0.06277911791465658,0.0239766081871345,0.0318109304537056,10
CYP2C9-Sub,metabolism,descriptors,scaffold,mlp,ig,lime,0.07881338042992886,0.0684687084453852,0.11569055080107987,0.09611480568130518,0.04962733631464282,0.054213859577230426,10
CYP2C9-Sub,metabolism,descriptors,scaffold,mlp,ig,random,0.001837304287456223,0.053631155099049144,0.0029492033749159495,0.0797161757241523,0.0260405916752666,0.037169392137243656,10
CYP2C9-Sub,metabolism,descriptors,scaffold,mlp,lime,random,0.0006229732036183653,0.04037947758389205,0.0010821977010198383,0.05979227264614569,0.026705653021442493,0.03354922505466894,10
CYP2C9-Sub,metabolism,descriptors,random,rf,shap,lime,0.08783795902963053,0.04601023866689539,0.1302913006240854,0.0680340894572002,0.06846118564384818,0.05496721867270948,10
CYP2C9-Sub,metabolism,descriptors,random,rf,shap,random,-0.01294156221203988,0.04325821544750719,-0.0190982934224384,0.06361314358613634,0.023001949317738787,0.029968818777353,10
CYP2C9-Sub,metabolism,descriptors,random,rf,lime,random,-0.009786937475109515,0.05062422308711765,-0.014824464362049445,0.07581147471060665,0.026705653021442493,0.033549225054668924,10
CYP2C9-Sub,metabolism,descriptors,random,hgb,shap,lime,0.03438015403674937,0.05371307602112093,0.04846697551930378,0.0757119554823824,0.050166265336543975,0.048359829479670734,10
CYP2C9-Sub,metabolism,descriptors,random,hgb,shap,random,0.004070950990491693,0.04063650364542182,0.006073836008933761,0.0572119143216159,0.027794977640178877,0.03714096724707834,10
CYP2C9-Sub,metabolism,descriptors,random,hgb,lime,random,0.0009927746486886276,0.0442033704432397,0.0017090659551446765,0.06596034435197401,0.024286205710354312,0.03711495972553482,10
CYP2C9-Sub,metabolism,descriptors,random,mlp,ig,lime,0.06471977534732863,0.04555558491084034,0.09652579190965266,0.06815058667148938,0.05363060428849902,0.05727032713261197,10
CYP2C9-Sub,metabolism,descriptors,random,mlp,ig,random,0.0031897877675721776,0.04723977952208059,0.004165093694474316,0.07012353201133832,0.02407407407407407,0.03347651725346958,10
CYP2C9-Sub,metabolism,descriptors,random,mlp,lime,random,-0.005748990157592309,0.04106551221443567,-0.00839952961882527,0.06123453943542862,0.02212475633528265,0.029858782237757158,10
CYP3A4-Sub,metabolism,descriptors,scaffold,rf,shap,lime,0.09418095369925354,0.046182759971406855,0.14014954465949167,0.06751943214305058,0.11558164201353054,0.07175453061570455,10
CYP3A4-Sub,metabolism,descriptors,scaffold,rf,shap,random,0.0010950445787617884,0.04121716829354284,0.001986643228530942,0.06150867512128028,0.02309941520467836,0.03173424021437281,10
CYP3A4-Sub,metabolism,descriptors,scaffold,rf,lime,random,0.000519144336348637,0.042559933242058645,0.0011155698674195265,0.06292166686403285,0.024853801169590642,0.03186329637091135,10
CYP3A4-Sub,metabolism,descriptors,scaffold,hgb,shap,lime,0.059022136382580914,0.05245224760103312,0.08494865985183492,0.07469184047316277,0.07619969040247675,0.05622452885658857,10
CYP3A4-Sub,metabolism,descriptors,scaffold,hgb,shap,random,0.005338524650374752,0.05125562468307511,0.007119998676662463,0.07264351526048936,0.027015250544662306,0.03859333659873797,10
CYP3A4-Sub,metabolism,descriptors,scaffold,hgb,lime,random,-0.00032144279456107423,0.04223001679664156,-0.0007466165908012599,0.06280425731737146,0.029956427015250545,0.04290586223539674,10
CYP3A4-Sub,metabolism,descriptors,scaffold,mlp,ig,lime,0.09727989892213947,0.07648531515407314,0.14363534161686337,0.10621064468027093,0.04868052484151555,0.06493470010230522,10
CYP3A4-Sub,metabolism,descriptors,scaffold,mlp,ig,random,-0.004079484223853967,0.04557873247626874,-0.006045018195648919,0.0678319222275038,0.023294346978557503,0.03499812581462321,10
CYP3A4-Sub,metabolism,descriptors,scaffold,mlp,lime,random,0.004077772088524777,0.03912222104256426,0.006797450327340828,0.05841417729387727,0.03716890264877882,0.04419239810359026,10
CYP3A4-Sub,metabolism,descriptors,random,rf,shap,lime,0.08075301356006685,0.05376900246005753,0.11973799975837768,0.07871616934416135,0.09521843825249396,0.0697524700848313,10
CYP3A4-Sub,metabolism,descriptors,random,rf,shap,random,-0.005942951949864845,0.03918165126080246,-0.00949618744104727,0.05865233105048227,0.022417153996101356,0.03491129568922479,10
CYP3A4-Sub,metabolism,descriptors,random,rf,lime,random,-0.004128975365534505,0.042758498004776366,-0.006414698002445857,0.06352212628650547,0.021442495126705652,0.03319568492383314,10
CYP3A4-Sub,metabolism,descriptors,random,hgb,shap,lime,0.0750609244796914,0.05339700503406698,0.10721664059651909,0.07472444616928683,0.13274280472422886,0.06740208439582888,10
CYP3A4-Sub,metabolism,descriptors,random,hgb,shap,random,-0.009753473678877833,0.042769450104749224,-0.013534352342419568,0.061097900877131246,0.028672170622635017,0.03709564547977718,10
CYP3A4-Sub,metabolism,descriptors,random,hgb,lime,random,0.0019002105023610402,0.0413274702085077,0.0020914463907953105,0.061714630560052025,0.025925925925925925,0.03512614313729422,10
CYP3A4-Sub,metabolism,descriptors,random,mlp,ig,lime,0.11021817278545233,0.049083815613630496,0.16399207945512387,0.07160043371430426,0.06801972250888659,0.061169922563886946,10
CYP3A4-Sub,metabolism,descriptors,random,mlp,ig,random,0.00201256449279356,0.04281209934070569,0.002874592928495832,0.06319497254666219,0.024951267056530214,0.03352373150363456,10
CYP3A4-Sub,metabolism,descriptors,random,mlp,lime,random,0.007475678443420379,0.03817228626274678,0.011402143804481773,0.057153128362383114,0.021345029239766077,0.0315071199591257,10
HalfLife,excretion,descriptors,scaffold,rf,shap,lime,0.038272285830299076,0.040676171840310235,0.05728999470268735,0.05956085528452387,0.14531303749570004,0.07290771977404151,10
HalfLife,excretion,descriptors,scaffold,rf,shap,random,-0.008052441562997621,0.04124496461598716,-0.011520962046363851,0.0620311705622667,0.020582502006650613,0.03364785283840688,10
HalfLife,excretion,descriptors,scaffold,rf,lime,random,-0.004828753484667465,0.04697321316091775,-0.007543753748252121,0.07019125190434407,0.02222222222222222,0.03163304873987958,10
HalfLife,excretion,descriptors,scaffold,hgb,shap,lime,0.07087798595364579,0.04967276008334463,0.10207691087055946,0.06932187201879823,0.10611025111799104,0.07715267256842685,10
HalfLife,excretion,descriptors,scaffold,hgb,shap,random,-0.0015219245660476268,0.04100832861531213,-0.0017655933759382874,0.05830306403548481,0.023976608187134502,0.03181093045370561,10
HalfLife,excretion,descriptors,scaffold,hgb,lime,random,0.003988166353757752,0.04266857217915657,0.005114181741882245,0.06386084592534157,0.02613805756220617,0.0385992653684101,10
HalfLife,excretion,descriptors,scaffold,mlp,ig,lime,0.20367606746653552,0.05385157261156595,0.30030940978676257,0.07931675303758726,0.09213167723229641,0.08562694990718243,10
HalfLife,excretion,descriptors,scaffold,mlp,ig,random,-0.0005308400458723248,0.04094741789395779,-0.0006694660832637863,0.06086520215792648,0.028087375300997586,0.04127211188121438,10
HalfLife,excretion,descriptors,scaffold,mlp,lime,random,0.0015972577800534794,0.03933321470443399,0.0023853367594119297,0.058295996674123406,0.025048732943469782,0.03510544819592528,10
HalfLife,excretion,descriptors,random,rf,shap,lime,0.041991253438994666,0.07933152271786137,0.0612148143199769,0.10954523728456057,0.12215628941635133,0.07457364834024957,10
HalfLife,excretion,descriptors,random,rf,shap,random,-0.005696338688332915,0.04448847328847602,-0.00850298198257807,0.06673330778135167,0.01695906432748538,0.03049358555434781,10
HalfLife,excretion,descriptors,random,rf,lime,random,0.0036837913181999205,0.0424786090387828,0.0051584757081945595,0.06293476051451478,0.023506478614837744,0.038497307024149996,10
HalfLife,excretion,descriptors,random,hgb,shap,lime,0.05993810435388832,0.10235138051595265,0.08515806321478885,0.14002772696017682,0.10138315560142182,0.07175054093194994,10
HalfLife,excretion,descriptors,random,hgb,shap,random,0.0027543743571125123,0.0454809525799,0.004105471023593448,0.06571598304839775,0.02680311890838206,0.03512492612532629,10
HalfLife,excretion,descriptors,random,hgb,lime,random,0.003690902884451272,0.04447101318266642,0.005326295622981036,0.06605719438682961,0.02309941520467836,0.03173424021437281,10
HalfLife,excretion,descriptors,random,mlp,ig,lime,0.18906774462569842,0.10436025754380547,0.2772795343401152,0.14279083573465887,0.08483545464969613,0.0728856954309188,10
HalfLife,excretion,descriptors,random,mlp,ig,random,-0.0012520215091901424,0.04601733459806245,-0.0018424662352855721,0.06851858133797159,0.026120857699805065,0.038086097027088484,10
HalfLife,excretion,descriptors,random,mlp,lime,random,-0.0046623428343858415,0.053641674792431614,-0.00654797136374526,0.08014857687970695,0.02680311890838206,0.03512492612532629,10
CL-Hepa,excretion,descriptors,scaffold,rf,shap,lime,0.06070063344517664,0.04719022526598267,0.08946259869970243,0.06888247489279589,0.16667588087866722,0.06851497730426158,10
CL-Hepa,excretion,descriptors,scaffold,rf,shap,random,-0.0032569123940232913,0.04778454993579551,-0.0049422400392707755,0.07080589127145659,0.02300194931773879,0.029968818777353,10
CL-Hepa,excretion,descriptors,scaffold,rf,lime,random,0.005859930591113386,0.04569557311944509,0.008396026030681254,0.06815854480084717,0.021345029239766077,0.0315071199591257,10
CL-Hepa,excretion,descriptors,scaffold,hgb,shap,lime,0.06609960231866942,0.04455921421198136,0.09563029462720157,0.06368043997310677,0.11085086081216113,0.08410608464749537,10
CL-Hepa,excretion,descriptors,scaffold,hgb,shap,random,0.002546394522562698,0.04678884895305341,0.003398179279866224,0.06717765027272712,0.028557504873294344,0.03505670602544831,10
CL-Hepa,excretion,descriptors,scaffold,hgb,lime,random,-0.004239915799055585,0.035355717871537205,-0.006516008461850425,0.0530781659440932,0.023781676413255355,0.0281850044625345,10
CL-Hepa,excretion,descriptors,scaffold,mlp,ig,lime,0.12955667583314578,0.06102894733654535,0.19327532917467155,0.0904673990977301,0.023214080954019032,0.03399158704847079,10
CL-Hepa,excretion,descriptors,scaffold,mlp,ig,random,0.0012209559496025378,0.038632792561394916,0.0017345006521696526,0.05830503352727633,0.025828460038986357,0.03354795083722362,10
CL-Hepa,excretion,descriptors,scaffold,mlp,lime,random,0.0028247141150366953,0.04092549040338449,0.004579796470888509,0.06128214425739855,0.02680311890838206,0.03512492612532629,10
CL-Hepa,excretion,descriptors,random,rf,shap,lime,0.05890294236397295,0.04614301987340253,0.08765595453114182,0.06767496637702804,0.18049105607155141,0.06971588676593778,10
CL-Hepa,excretion,descriptors,random,rf,shap,random,0.001989415419643053,0.04232977571283445,0.0027486678714196567,0.06313945206944241,0.02592592592592592,0.03512614313729422,10
CL-Hepa,excretion,descriptors,random,rf,lime,random,0.0017778915628377996,0.040383321604106084,0.002211860213487912,0.060246728925042264,0.01968810916179337,0.032890368636396744,10
CL-Hepa,excretion,descriptors,random,hgb,shap,lime,0.06437527709314966,0.05319650996869462,0.09279844888252223,0.07554719700424224,0.13498738676757252,0.08492289738351683,10
CL-Hepa,excretion,descriptors,random,hgb,shap,random,0.0049885616903662345,0.0558880387158698,0.0078158263241496,0.08087247413635894,0.022904483430799216,0.028092333413903194,10
CL-Hepa,excretion,descriptors,random,hgb,lime,random,0.003477555896910734,0.051002806877372034,0.004932993387417774,0.07585418522200273,0.03364293085655314,0.04447162043857896,10
CL-Hepa,excretion,descriptors,random,mlp,ig,lime,0.15397898770165147,0.05799890921604017,0.23029288427033182,0.0863554718844242,0.043796582960669656,0.048027670404333284,10
CL-Hepa,excretion,descriptors,random,mlp,ig,random,0.0013573771844531232,0.04497722605162421,0.00189918254506934,0.06678353181155519,0.026040591675266598,0.037169392137243656,10
CL-Hepa,excretion,descriptors,random,mlp,lime,random,-0.008151277237298743,0.05250880059285021,-0.011815645497947953,0.07857748516748918,0.028379772961816305,0.032442150484247985,10
DILI,toxicity,ecfp,scaffold,rf,shap,lime,0.015653035679380593,0.015930355833835588,0.022991062406654383,0.023203452277517633,0.22867352519055303,0.10094469674046394,10
DILI,toxicity,ecfp,scaffold,rf,shap,random,0.00036877262310204263,0.014457211686266937,0.0005454998060484018,0.02128613939754529,0.002631578947368421,0.011470786693528088,10
DILI,toxicity,ecfp,scaffold,rf,lime,random,-0.002375379747801661,0.01376605682184531,-0.0036611979941527234,0.020606881731074264,0.0017543859649122805,0.009447657556376323,10
DILI,toxicity,ecfp,scaffold,hgb,shap,lime,0.04627903752912746,0.017019283410513068,0.057364284136190526,0.021035837192350988,0.09054007567939455,0.05337154718035557,10
DILI,toxicity,ecfp,scaffold,hgb,shap,random,0.002456047546601107,0.019262270177320115,0.0030516567858076024,0.02389979178891882,0.0017543859649122805,0.009447657556376322,10
DILI,toxicity,ecfp,scaffold,hgb,lime,random,0.001308173928309722,0.01320856470026404,0.0019370634303318706,0.01984290891512846,0.0008771929824561403,0.006737847147253164,10
DILI,toxicity,ecfp,scaffold,mlp,ig,lime,0.03322421636979077,0.018194968438342937,0.049617106690710754,0.027058875578054555,0.01697626418988648,0.03113721926176415,10
DILI,toxicity,ecfp,scaffold,mlp,ig,random,0.00011913224595497401,0.013998790935705241,0.00011382768781199194,0.020897715168198876,0.0043859649122807015,0.01454659995769912,10
DILI,toxicity,ecfp,scaffold,mlp,lime,random,-0.004920628256798567,0.013693726966001574,-0.0073979434034540425,0.02052650811327874,0.0043859649122807015,0.014546599957699118,10
DILI,toxicity,ecfp,random,rf,shap,lime,0.018995439984257952,0.01528528279035618,0.02788053138385982,0.02230029939318662,0.24526832100361512,0.09557005426257613,10
DILI,toxicity,ecfp,random,rf,shap,random,-0.0016964689438811896,0.016375392759605745,-0.0025199570874749537,0.02402673199071725,0.0017543859649122805,0.009447657556376322,10
DILI,toxicity,ecfp,random,rf,lime,random,-0.00200786084310373,0.016126962728544317,-0.0030543992826027946,0.024166464698022763,0.0,0.0,10
DILI,toxicity,ecfp,random,hgb,shap,lime,0.05463332506420098,0.01661367761472306,0.06771069282659987,0.020519017153237343,0.10811546840958602,0.07731975252417837,10
DILI,toxicity,ecfp,random,hgb,shap,random,0.0032862836241951627,0.019653366990495556,0.0040608249083614436,0.024365670654521897,0.0036062378167641324,0.01688468149234104,10
DILI,toxicity,ecfp,random,hgb,lime,random,0.0013827399853444066,0.013826158662490914,0.0020908283863701554,0.02073091007686445,0.003508771929824561,0.013128622409733129,10
DILI,toxicity,ecfp,random,mlp,ig,lime,0.03646525653330034,0.016168069790717422,0.05435172821039394,0.02402979182732962,0.026562320834766655,0.04474089849961443,10
DILI,toxicity,ecfp,random,mlp,ig,random,0.001398952111414805,0.013745475797703046,0.0020654505850043626,0.0205300796650986,0.002631578947368421,0.011470786693528086,10
DILI,toxicity,ecfp,random,mlp,lime,random,0.0013239967533789287,0.015192885590248376,0.0019679454656262325,0.022816606158484215,0.0017543859649122805,0.009447657556376323,10
hERG,toxicity,ecfp,scaffold,rf,shap,lime,0.017624667070981877,0.013800748001229875,0.025877469235719007,0.020128359758108543,0.2385660292007041,0.10118278074709557,10
hERG,toxicity,ecfp,scaffold,rf,shap,random,0.0030266851837855917,0.013713662275157792,0.0044586136714336345,0.020241567553053473,0.0043859649122807015,0.01454659995769912,10
hERG,toxicity,ecfp,scaffold,rf,lime,random,0.0029103820631818924,0.015230746182614845,0.004295815177940471,0.022791290501642397,0.0061403508771929825,0.016895930073910725,10
hERG,toxicity,ecfp,scaffold,hgb,shap,lime,0.031311545227515385,0.016382728357310316,0.03932590272536394,0.02049552783422376,0.07261065244811375,0.05862966433235759,10
hERG,toxicity,ecfp,scaffold,hgb,shap,random,-0.0028429521552455553,0.018038993878924058,-0.0035916524568524706,0.022700790843241933,0.0017543859649122805,0.009447657556376322,10
hERG,toxicity,ecfp,scaffold,hgb,lime,random,-0.002583175582152744,0.015714066338616637,-0.0038918501197487405,0.023622585872570767,0.003508771929824561,0.013128622409733129,10
hERG,toxicity,ecfp,scaffold,mlp,ig,lime,0.030237636663484904,0.015694575084200548,0.045158458823813065,0.023399367830974044,0.008869395711500975,0.0222809234604623,10
hERG,toxicity,ecfp,scaffold,mlp,ig,random,0.002144478857343853,0.01370235601119219,0.0030915293788095414,0.020493333882521163,0.0017543859649122805,0.009447657556376322,10
hERG,toxicity,ecfp,scaffold,mlp,lime,random,-0.0006766762335124575,0.012368389988171562,-0.0009625150555780664,0.018553464502373294,0.0017543859649122805,0.009447657556376322,10
hERG,toxicity,ecfp,random,rf,shap,lime,0.01953239776583232,0.01608282319740653,0.028632289720773734,0.023502690402310025,0.24372655494946519,0.08272947999032805,10
hERG,toxicity,ecfp,random,rf,shap,random,-0.0013539236060912964,0.01644263631265524,-0.002033302510293894,0.024190341420649138,0.002631578947368421,0.011470786693528088,10
hERG,toxicity,ecfp,random,rf,lime,random,0.005085710414631168,0.013937492325641716,0.007628506378175351,0.020877821447505173,0.0008771929824561403,0.006737847147253164,10
hERG,toxicity,ecfp,random,hgb,shap,lime,0.03559899628841713,0.019367843958933074,0.04463490239709252,0.024224038849065682,0.05876046324962734,0.05150024805523122,10
hERG,toxicity,ecfp,random,hgb,shap,random,-0.0030743142507082184,0.01746245220110077,-0.003864031208133343,0.021932170638388288,0.002631578947368421,0.011470786693528088,10
hERG,toxicity,ecfp,random,hgb,lime,random,0.0011555273978179448,0.016212164625228936,0.0017143588875195715,0.02429680439608754,0.0017543859649122805,0.009447657556376323,10
hERG,toxicity,ecfp,random,mlp,ig,lime,0.03148927549366389,0.015765429890647234,0.04700783500291991,0.02345542990545433,0.010623781676413254,0.023549460648739133,10
hERG,toxicity,ecfp,random,mlp,ig,random,-0.001997045806413773,0.01495441314620022,-0.0029924532999204634,0.022381997739009472,0.0008771929824561403,0.006737847147253164,10
hERG,toxicity,ecfp,random,mlp,lime,random,0.0009511028588584924,0.013689062202208734,0.001469608141313944,0.020489828301367537,0.0,0.0,10
AMES,toxicity,ecfp,scaffold,rf,shap,lime,0.020885180983761676,0.013134835468303283,0.031207754525743526,0.019522185782818793,0.19249287434271956,0.09779387187809555,10
AMES,toxicity,ecfp,scaffold,rf,shap,random,-0.00032028495210556485,0.019320767861970088,-0.00045678839595321625,0.02889409763505489,0.005360623781676413,0.019018339474744503,10
AMES,toxicity,ecfp,scaffold,rf,lime,random,-0.001086765693698095,0.012952272226993893,-0.0015536563915536149,0.01940659132007623,0.0043859649122807015,0.014546599957699122,10
AMES,toxicity,ecfp,scaffold,hgb,shap,lime,0.019323497823071932,0.01579395889524597,0.026802743567647867,0.02183608800226511,0.06378712303634905,0.05553245805658007,10
AMES,toxicity,ecfp,scaffold,hgb,shap,random,-0.002852017083559936,0.014419082601101,-0.003945648755887364,0.020085068703154033,0.0017543859649122805,0.009447657556376322,10
AMES,toxicity,ecfp,scaffold,hgb,lime,random,-0.0008340139533463605,0.01384442166640728,-0.001292180345205747,0.02078725405244042,0.0017543859649122805,0.009447657556376322,10
AMES,toxicity,ecfp,scaffold,mlp,ig,lime,0.027458374276684742,0.014314624951865298,0.041191644380434524,0.02134741799076915,0.008966861598440545,0.024660217701159403,10
AMES,toxicity,ecfp,scaffold,mlp,ig,random,-0.0023732328679531125,0.013843055155855604,-0.0035599849174738772,0.020803390537427757,0.002631578947368421,0.011470786693528086,10
AMES,toxicity,ecfp,scaffold,mlp,lime,random,-0.001602828326005537,0.01263886633810696,-0.00234205455013175,0.018910716944550262,0.002631578947368421,0.011470786693528086,10
AMES,toxicity,ecfp,random,rf,shap,lime,0.023792758657827835,0.018088334110746045,0.03555923552012954,0.026824890379953968,0.15715035451877551,0.09900566522819688,10
AMES,toxicity,ecfp,random,rf,shap,random,-0.0004985972514245645,0.015186475719829133,-0.0008560937905959547,0.022642370682320792,0.0008771929824561403,0.006737847147253164,10
AMES,toxicity,ecfp,random,rf,lime,random,0.0017433095688812897,0.014739836592396478,0.0026035683383359527,0.022088194090526907,0.002631578947368421,0.011470786693528086,10
AMES,toxicity,ecfp,random,hgb,shap,lime,0.02209708529526665,0.01548118359799652,0.030640494956913695,0.02141253890272349,0.09264050649499563,0.09011482283999042,10
AMES,toxicity,ecfp,random,hgb,shap,random,0.0030318337708259858,0.01414364261250292,0.004219214295615873,0.01969268151960209,0.0043859649122807015,0.014546599957699122,10
AMES,toxicity,ecfp,random,hgb,lime,random,0.00031847609815176687,0.01333497647805413,0.0005249569978462453,0.0198897955531015,0.0017543859649122805,0.009447657556376323,10
AMES,toxicity,ecfp,random,mlp,ig,lime,0.030039108989459287,0.015532037822005546,0.04504918019144425,0.02323982295773495,0.01793372319688109,0.03248758932709497,10
AMES,toxicity,ecfp,random,mlp,ig,random,-0.0009201015150768627,0.01763418852382409,-0.001352313530457292,0.026464983239596767,0.005263157894736842,0.015789473684210527,10
AMES,toxicity,ecfp,random,mlp,lime,random,0.00500096686207458,0.014675105263382535,0.007506449238072156,0.022102368359492915,0.002631578947368421,0.011470786693528088,10
LD50,toxicity,ecfp,scaffold,rf,shap,lime,0.005760634072501586,0.01825930143809774,0.008634408350067643,0.02730057060369385,0.11996187363834422,0.025891160369793303,10
LD50,toxicity,ecfp,scaffold,rf,shap,random,0.002255048067106779,0.012990850018779691,0.0033332060335484097,0.01956982052269829,0.0017543859649122805,0.009447657556376322,10
LD50,toxicity,ecfp,scaffold,rf,lime,random,-0.0026805296877544377,0.012658809554638491,-0.004018672722187097,0.01901644202376461,0.0008771929824561403,0.006737847147253164,10
LD50,toxicity,ecfp,scaffold,hgb,shap,lime,0.011938577880223183,0.015644456180618237,0.016706309793542796,0.021794240365877314,0.07698658410732712,0.04353700709629567,10
LD50,toxicity,ecfp,scaffold,hgb,shap,random,0.001056158338314353,0.018323666567585644,0.0015278342740028539,0.025635489699924997,0.002631578947368421,0.011470786693528086,10
LD50,toxicity,ecfp,scaffold,hgb,lime,random,0.0016234218521006358,0.015560895704475749,0.002467797423485797,0.02345165570889198,0.0,0.0,10
LD50,toxicity,ecfp,scaffold,mlp,ig,lime,0.02766286219162189,0.01554984853434919,0.041484234570492114,0.023277248421519802,0.009844054580896685,0.025254575528222765,10
LD50,toxicity,ecfp,scaffold,mlp,ig,random,0.000957225258508386,0.01515883823653452,0.0014519950577157876,0.02278901130652874,0.006237816764132553,0.019942196905823197,10
LD50,toxicity,ecfp,scaffold,mlp,lime,random,-0.002215306826046247,0.015043722136498582,-0.0033315834616174603,0.022505508584685027,0.002631578947368421,0.011470786693528088,10
LD50,toxicity,ecfp,random,rf,shap,lime,0.011574332697686178,0.015731350942970995,0.017351134582705246,0.023596521098764933,0.11290194440349238,0.07802748512814252,10
LD50,toxicity,ecfp,random,rf,shap,random,0.000717806201731323,0.013431987845003214,0.0010759284585759468,0.02014562599814219,0.003508771929824561,0.013128622409733129,10
LD50,toxicity,ecfp,random,rf,lime,random,0.0030001189494789134,0.015249380232121034,0.004517789400698699,0.02287853444292787,0.003508771929824561,0.013128622409733129,10
LD50,toxicity,ecfp,random,hgb,shap,lime,0.015314245773679947,0.015263427735746168,0.02152513091998217,0.0213748229882292,0.14085156329738371,0.1254203030786284,10
LD50,toxicity,ecfp,random,hgb,shap,random,-1.0006110320496941e-05,0.015085973156800735,2.8178869320122483e-05,0.02126440376089943,0.003508771929824561,0.013128622409733129,10
LD50,toxicity,ecfp,random,hgb,lime,random,-0.002966167460511318,0.014575663538571499,-0.004484225132466885,0.021853596126430192,0.0043859649122807015,0.014546599957699122,10
LD50,toxicity,ecfp,random,mlp,ig,lime,0.027143237735860845,0.016600179639771156,0.040797445953223176,0.024949292212818906,0.020955165692007796,0.052580565126213855,10
LD50,toxicity,ecfp,random,mlp,ig,random,4.983792729467091e-05,0.01414669344346119,8.783141149827925e-05,0.021276630568641274,0.0017543859649122805,0.009447657556376323,10
LD50,toxicity,ecfp,random,mlp,lime,random,0.000607962236402866,0.014476199124481174,0.0007849675379243579,0.02173673343151902,0.003508771929824561,0.013128622409733129,10
Caco2,absorption,ecfp,scaffold,rf,shap,lime,0.013273458656435753,0.01515049158630443,0.019805083045231427,0.02242809521489026,0.18327661473946302,0.07416759994218959,10
Caco2,absorption,ecfp,scaffold,rf,shap,random,-0.000565331886904158,0.014607184751325943,-0.000835640823834719,0.021761617093924976,0.002631578947368421,0.011470786693528086,10
Caco2,absorption,ecfp,scaffold,rf,lime,random,-5.977688385442129e-05,0.013896985788485017,-8.919937334492753e-05,0.02083308908383274,0.002631578947368421,0.011470786693528088,10
Caco2,absorption,ecfp,scaffold,hgb,shap,lime,0.028627302973615498,0.015461508171002827,0.036440792455783286,0.019675965395212373,0.12072296754959293,0.07165928880664964,10
Caco2,absorption,ecfp,scaffold,hgb,shap,random,-0.0012033183039787453,0.01763531323784704,-0.0015427476529154699,0.022505143234897648,0.0008771929824561403,0.006737847147253164,10
Caco2,absorption,ecfp,scaffold,hgb,lime,random,-0.00038361206949193946,0.015967006108948766,-0.000544859738539991,0.023858726457473486,0.003508771929824561,0.013128622409733129,10
Caco2,absorption,ecfp,scaffold,mlp,ig,lime,0.022596143395941296,0.019177519014086798,0.03376160758814692,0.02859482976167589,0.04284977148754239,0.10478738469227245,10
Caco2,absorption,ecfp,scaffold,mlp,ig,random,0.0019457514925144991,0.017603905708818285,0.0029261068489535875,0.02633598336718404,0.0044834307992202725,0.018004563873242937,10
Caco2,absorption,ecfp,scaffold,mlp,lime,random,0.0015207563660234492,0.014496818350959449,0.002195491280449338,0.021743709716397903,0.0043859649122807015,0.01454659995769912,10
Caco2,absorption,ecfp,random,rf,shap,lime,0.015362014607958862,0.015527796899350521,0.022925999697130876,0.022962843943849596,0.1341546267629859,0.06989162803628671,10
Caco2,absorption,ecfp,random,rf,shap,random,-0.0003927618682506765,0.016039489519309856,-0.0005495755153896194,0.023923396473321215,0.002631578947368421,0.011470786693528088,10
Caco2,absorption,ecfp,random,rf,lime,random,-0.00023544999796450087,0.016787770200331283,-0.00040611592490754717,0.025239535396203088,0.0043859649122807015,0.01454659995769912,10
Caco2,absorption,ecfp,random,hgb,shap,lime,0.028537039593095857,0.01873317147410051,0.03646801379338347,0.023861286246290015,0.08982771471161562,0.05790108401428405,10
Caco2,absorption,ecfp,random,hgb,shap,random,-0.0015660783256100336,0.015373501683767126,-0.0019684790543810387,0.0196783656778127,0.0043859649122807015,0.01454659995769912,10
Caco2,absorption,ecfp,random,hgb,lime,random,-0.002762856085124573,0.014465662330254325,-0.004192739979681964,0.02169174634016941,0.003508771929824561,0.013128622409733129,10
Caco2,absorption,ecfp,random,mlp,ig,lime,0.03641557607301398,0.02013749934810629,0.05437170350716727,0.03001320677338152,0.14926754102450696,0.17880294266993252,10
Caco2,absorption,ecfp,random,mlp,ig,random,-0.0005503823572103459,0.013913228239121618,-0.0007998351366595797,0.020854403152126263,0.0043859649122807015,0.014546599957699122,10
Caco2,absorption,ecfp,random,mlp,lime,random,0.00039746300480377806,0.014279083491914098,0.0005420806713147577,0.0213405508202415,0.0008771929824561403,0.006737847147253164,10
HIA,absorption,ecfp,scaffold,rf,shap,lime,0.013195344680142279,0.01842573447874608,0.01873506201776354,0.02613717810994611,0.0778478530413515,0.11786201838110198,10
HIA,absorption,ecfp,scaffold,rf,shap,random,-0.0024068248857884657,0.014350765633112795,-0.0033978485367505344,0.020309824357422273,0.0036062378167641324,0.01688468149234104,10
HIA,absorption,ecfp,scaffold,rf,lime,random,0.0005527334208597948,0.014378029878190706,0.0007936645095964101,0.021631079692129053,0.0008771929824561403,0.006737847147253164,10
HIA,absorption,ecfp,scaffold,hgb,shap,lime,0.022785908797290984,0.01736141602545185,0.028302029531027853,0.021543061002795273,0.02134502923976608,0.0315071199591257,10
HIA,absorption,ecfp,scaffold,hgb,shap,random,-0.00044911555134821875,0.017745729062309614,-0.0005643217147444621,0.02205236337336861,0.006237816764132553,0.019942196905823197,10
HIA,absorption,ecfp,scaffold,hgb,lime,random,-0.00029603790099332343,0.014689533181245808,-0.00042392747339367305,0.022097046122981346,0.003508771929824561,0.013128622409733129,10
HIA,absorption,ecfp,scaffold,mlp,ig,lime,0.02286129677974457,0.014087301457629337,0.03418929686486687,0.020941500660029755,0.061833039967714894,0.15126779182207592,10
HIA,absorption,ecfp,scaffold,mlp,ig,random,0.0008218175620279731,0.015878659680726732,0.0012727085158494055,0.023758658185753644,0.005263157894736842,0.015789473684210527,10
HIA,absorption,ecfp,scaffold,mlp,lime,random,-2.286756025077346e-05,0.014102689433210682,-0.0001030242316184597,0.021179106620473814,0.0017543859649122805,0.009447657556376322,10
HIA,absorption,ecfp,random,rf,shap,lime,0.010357404037950666,0.01982643257482013,0.014784170239220537,0.028189370348604335,0.11434755188625156,0.10125688298822486,10
HIA,absorption,ecfp,random,rf,shap,random,0.00020002645895818318,0.014885696065202271,0.0002971494870464783,0.021261869836371988,0.003508771929824561,0.013128622409733129,10
HIA,absorption,ecfp,random,rf,lime,random,-0.002743677867000489,0.01564726480559904,-0.004156372173718434,0.02341057565128887,0.0008771929824561403,0.006737847147253164,10
HIA,absorption,ecfp,random,hgb,shap,lime,0.027237766096265607,0.015139446953124892,0.033825451291896166,0.018761623322558707,0.04428391239536752,0.04308364079719535,10
HIA,absorption,ecfp,random,hgb,shap,random,0.00142776990819616,0.01620693380209914,0.0017918830619291365,0.020152498541291957,0.0008771929824561403,0.006737847147253164,10
HIA,absorption,ecfp,random,hgb,lime,random,0.001294434309355154,0.016269906091113742,0.001988220782004782,0.02448458239134751,0.003508771929824561,0.013128622409733129,10
HIA,absorption,ecfp,random,mlp,ig,lime,0.02710227299100167,0.01520363776366785,0.04052442932688057,0.022654178712228634,0.016986911723753828,0.059223038723014675,10
HIA,absorption,ecfp,random,mlp,ig,random,0.00030262582644213163,0.014972992584999704,0.0005242803632031851,0.022439985231915604,0.002631578947368421,0.011470786693528088,10
HIA,absorption,ecfp,random,mlp,lime,random,0.0020922545442517496,0.016085369929505506,0.003147585974803203,0.0241114715656133,0.003508771929824561,0.013128622409733129,10
BBB,distribution,ecfp,scaffold,rf,shap,lime,0.018032231173150563,0.018261417568657866,0.02683351312823051,0.026972913229542712,0.06796095631234951,0.049976973351977816,10
BBB,distribution,ecfp,scaffold,rf,shap,random,0.002998771336421203,0.014281242618123873,0.004500419538021694,0.021286898074485465,0.0044834307992202725,0.018004563873242937,10
BBB,distribution,ecfp,scaffold,rf,lime,random,-6.694883773000984e-06,0.01563315848829407,2.170673623394639e-05,0.023499688320811164,0.003508771929824561,0.013128622409733129,10
BBB,distribution,ecfp,scaffold,hgb,shap,lime,0.016895165676168267,0.016206919204852593,0.022191275153459936,0.02125714427966286,0.016861598440545807,0.028630925716747403,10
BBB,distribution,ecfp,scaffold,hgb,shap,random,-0.0010524362057376213,0.017452299486320686,-0.0013663170431733906,0.022986020236464278,0.0008771929824561403,0.006737847147253164,10
BBB,distribution,ecfp,scaffold,hgb,lime,random,-0.00193979884180101,0.01353319333944491,-0.002993783765853052,0.02030603817300013,0.0008771929824561403,0.006737847147253164,10
BBB,distribution,ecfp,scaffold,mlp,ig,lime,0.02321106477181243,0.014042984755499335,0.03475153809804798,0.02106536170142655,0.009649122807017544,0.020365239940778764,10
BBB,distribution,ecfp,scaffold,mlp,ig,random,-0.0013487977155164682,0.013730054964308193,-0.002009922439212056,0.020554868064792745,0.0,0.0,10
BBB,distribution,ecfp,scaffold,mlp,lime,random,0.0023101483624409715,0.014225136206760835,0.003424325889560792,0.021267283816502298,0.0017543859649122805,0.009447657556376323,10
BBB,distribution,ecfp,random,rf,shap,lime,0.018188366651329245,0.016730924456035284,0.027173552157173084,0.024915343167376123,0.11619797041623665,0.07671780357043054,10
BBB,distribution,ecfp,random,rf,shap,random,0.00024156074078014516,0.014119719638435063,0.00035321902911825484,0.02111586932400678,0.0008771929824561403,0.006737847147253164,10
BBB,distribution,ecfp,random,rf,lime,random,0.0008629244015632638,0.015559674842450969,0.0013164866827620112,0.023352268851650263,0.002631578947368421,0.011470786693528086,10
BBB,distribution,ecfp,random,hgb,shap,lime,0.011075247762781867,0.015336924796550758,0.014584166940578135,0.02014041833036355,0.018730650154798762,0.03161042260702902,10
BBB,distribution,ecfp,random,hgb,shap,random,0.002136897403332514,0.01600158216208937,0.002794913257911035,0.02105998695265193,0.0061403508771929825,0.016895930073910725,10
BBB,distribution,ecfp,random,hgb,lime,random,0.002509420544292461,0.014656434227823246,0.003813072946990538,0.02198774142841246,0.0017543859649122805,0.009447657556376323,10
BBB,distribution,ecfp,random,mlp,ig,lime,0.021701256498529276,0.016474527135915806,0.03260115156250603,0.02474387012561492,0.01268776516454535,0.031294177401622984,10
BBB,distribution,ecfp,random,mlp,ig,random,-0.003059744169846889,0.013586285369210046,-0.004567226257720375,0.020370471126131995,0.0017543859649122805,0.009447657556376323,10
BBB,distribution,ecfp,random,mlp,lime,random,-0.0008889565268278785,0.01479705262251036,-0.0013529465499839896,0.02215882717642098,0.003508771929824561,0.013128622409733129,10
VDss,distribution,ecfp,scaffold,rf,shap,lime,0.0031531007555965734,0.015652263828117546,0.004598099863051633,0.022876455668580032,0.11670679967893591,0.04195590780623192,10
VDss,distribution,ecfp,scaffold,rf,shap,random,-0.00044487361785941135,0.014182344073594146,-0.0007100805192090131,0.020801923836284406,0.0061403508771929825,0.016895930073910725,10
VDss,distribution,ecfp,scaffold,rf,lime,random,-0.0018100675785702655,0.011473258058325114,-0.0027524891119796906,0.01726525078396241,0.002631578947368421,0.011470786693528086,10
VDss,distribution,ecfp,scaffold,hgb,shap,lime,0.020334174416202576,0.0187816181816701,0.02595586509087191,0.023921492241324987,0.089250085999312,0.03791553132250354,10
VDss,distribution,ecfp,scaffold,hgb,shap,random,0.0002073662641899746,0.015322728981925465,0.00025418394254856736,0.019593778695218108,0.003508771929824561,0.013128622409733129,10
VDss,distribution,ecfp,scaffold,hgb,lime,random,9.840365982738998e-05,0.013433242612437522,0.00012159876630574862,0.020161428735876577,0.0,0.0,10
VDss,distribution,ecfp,scaffold,mlp,ig,lime,0.03047344524942236,0.01863034619195591,0.04561098618217974,0.02781507909399399,0.012158869395711503,0.03771957370536748,10
VDss,distribution,ecfp,scaffold,mlp,ig,random,-0.0035664307447858807,0.015581245529266173,-0.005381462802441059,0.023355481187759937,0.0043859649122807015,0.014546599957699122,10
VDss,distribution,ecfp,scaffold,mlp,lime,random,0.0026930607291157796,0.014863590645180953,0.0039823955339316815,0.022292708573659198,0.002631578947368421,0.011470786693528088,10
VDss,distribution,ecfp,random,rf,shap,lime,0.005808451248625062,0.016055287018021426,0.008454917982611906,0.023464808134741697,0.11910188051828917,0.029496248300271227,10
VDss,distribution,ecfp,random,rf,shap,random,-0.004124991053092569,0.014536860989124493,-0.006022264560675419,0.021351984755026934,0.0,0.0,10
VDss,distribution,ecfp,random,rf,lime,random,0.0003325655685148997,0.014936826290213718,0.00046629518677626517,0.022423685269472252,0.0017543859649122805,0.009447657556376323,10
VDss,distribution,ecfp,random,hgb,shap,lime,0.021805990376699683,0.015024075464517433,0.027841821545028407,0.01917015517483424,0.05999312005503957,0.04416560291117369,10
VDss,distribution,ecfp,random,hgb,shap,random,-0.0008777914143915811,0.016561307830874557,-0.0011259338730466287,0.02118229402371654,0.003508771929824561,0.013128622409733129,10
VDss,distribution,ecfp,random,hgb,lime,random,0.0022460460429897413,0.015051382864326652,0.003394481510843399,0.02256717709821078,0.0,0.0,10
VDss,distribution,ecfp,random,mlp,ig,lime,0.024046204910185883,0.02003300558709982,0.03604673453590262,0.030050379693712555,0.008869395711500975,0.022280923460462305,10
VDss,distribution,ecfp,random,mlp,ig,random,0.003866311084008786,0.014528099866950224,0.005784722851856878,0.021777433878244972,0.0017543859649122805,0.009447657556376322,10
VDss,distribution,ecfp,random,mlp,lime,random,0.001680256803655756,0.015883184993420868,0.002599269445438849,0.02376521355469526,0.002631578947368421,0.011470786693528088,10
CYP2C9-Sub,metabolism,ecfp,scaffold,hgb,shap,lime,0.03237245358292807,0.01681435734465268,0.040487551339041465,0.02097849464310935,0.04153766769865841,0.042422947193490004,10
CYP2C9-Sub,metabolism,ecfp,scaffold,hgb,shap,random,0.0002680319909780666,0.016131712599358052,0.00032054919083406524,0.020162680272217324,0.002631578947368421,0.011470786693528086,10
CYP2C9-Sub,metabolism,ecfp,scaffold,hgb,lime,random,-0.0010367687469467516,0.017800983250918268,-0.00154927128144861,0.02668797628053196,0.003508771929824561,0.013128622409733129,10
CYP2C9-Sub,metabolism,ecfp,scaffold,mlp,ig,lime,0.024556065419990968,0.013859288013693028,0.03676713801538947,0.020667891529041017,0.0061403508771929825,0.016895930073910725,10
CYP2C9-Sub,metabolism,ecfp,scaffold,mlp,ig,random,0.0005645461079414122,0.016270606974858968,0.0008407870857144143,0.02432534030273929,0.002729044834307992,0.01563591004300622,10
CYP2C9-Sub,metabolism,ecfp,scaffold,mlp,lime,random,0.0024015549940970536,0.014222025329724766,0.003599543353992606,0.021359279424166332,0.0043859649122807015,0.01454659995769912,10
CYP2C9-Sub,metabolism,ecfp,random,rf,shap,lime,0.02161025123611539,0.014538974675132172,0.031473274257819074,0.021110717820024404,0.19679644687384623,0.12308047664040185,10
CYP2C9-Sub,metabolism,ecfp,random,rf,shap,random,-0.0034472399677772884,0.01455312367325564,-0.0050237956944891035,0.021202465098988522,0.003508771929824561,0.013128622409733129,10
CYP2C9-Sub,metabolism,ecfp,random,rf,lime,random,0.0015090204414997556,0.014317559210156662,0.002310680101191724,0.02143890859700278,0.002631578947368421,0.011470786693528086,10
CYP2C9-Sub,metabolism,ecfp,random,hgb,shap,lime,0.026520088297464103,0.01872864867281174,0.0331818025125102,0.023401490768054943,0.018518518518518514,0.027203286036945152,10
CYP2C9-Sub,metabolism,ecfp,random,hgb,shap,random,-0.0009031480529299821,0.017088019045929874,-0.001133378376089251,0.0213947962942594,0.002631578947368421,0.011470786693528088,10
CYP2C9-Sub,metabolism,ecfp,random,hgb,lime,random,0.0013704633813711126,0.01351594334063891,0.0019912430641783633,0.020296019541641962,0.0008771929824561403,0.006737847147253164,10
CYP2C9-Sub,metabolism,ecfp,random,mlp,ig,lime,0.021852043361146174,0.015829529655540887,0.032744230499904305,0.02364828863067344,0.04594832984925864,0.11920909926786173,10
CYP2C9-Sub,metabolism,ecfp,random,mlp,ig,random,0.001838006900807278,0.014638114438715289,0.0027597994676581638,0.021846296801919008,0.002631578947368421,0.011470786693528086,10
CYP2C9-Sub,metabolism,ecfp,random,mlp,lime,random,0.001272791229034359,0.013033846238985632,0.0018943976470882054,0.019531636410297204,0.002631578947368421,0.011470786693528086,10
CYP3A4-Sub,metabolism,ecfp,scaffold,rf,shap,lime,0.017648755201185876,0.01492409314033176,0.026053793448732616,0.021924507564955637,0.12919103313840155,0.06400838025787028,10
CYP3A4-Sub,metabolism,ecfp,scaffold,rf,shap,random,0.0003645231348280128,0.015006286294096692,0.0005281042893027747,0.022175456639293777,0.0017543859649122805,0.009447657556376322,10
CYP3A4-Sub,metabolism,ecfp,scaffold,rf,lime,random,0.004113966322667318,0.015414822497356524,0.006133448304760051,0.02311064894596006,0.003508771929824561,0.013128622409733129,10
CYP3A4-Sub,metabolism,ecfp,scaffold,hgb,shap,lime,0.03524124899469393,0.018931690313165515,0.04405521228387357,0.023580139641645438,0.03453732370141038,0.04475672564743702,10
CYP3A4-Sub,metabolism,ecfp,scaffold,hgb,shap,random,-4.045950593117859e-05,0.019845837368345734,-4.8493676389229204e-05,0.02481510268768898,0.0017543859649122805,0.009447657556376323,10
CYP3A4-Sub,metabolism,ecfp,scaffold,hgb,lime,random,-1.531395029311204e-05,0.015469266200450256,-8.046701140660308e-05,0.02322975577109026,0.003508771929824561,0.013128622409733129,10
CYP3A4-Sub,metabolism,ecfp,scaffold,mlp,ig,lime,0.028354382752754256,0.014539731750432989,0.04236764675237283,0.021675851502711417,0.005360623781676413,0.0190183394747445,10
CYP3A4-Sub,metabolism,ecfp,scaffold,mlp,ig,random,0.004395101262314758,0.013758442673435435,0.006621458159060217,0.020618331105808504,0.003508771929824561,0.013128622409733129,10
CYP3A4-Sub,metabolism,ecfp,scaffold,mlp,lime,random,0.002294579974759812,0.012899609427469316,0.0035075715956635113,0.019270399112055577,0.0008771929824561403,0.006737847147253164,10
CYP3A4-Sub,metabolism,ecfp,random,rf,shap,lime,0.01925188031575477,0.01769794681969124,0.0284026426602808,0.026039546453104623,0.1579182842727734,0.07942492608121521,10
CYP3A4-Sub,metabolism,ecfp,random,rf,shap,random,0.004014308821218859,0.014536122940913403,0.0058909179349219175,0.021484366610388706,0.002631578947368421,0.011470786693528088,10
CYP3A4-Sub,metabolism,ecfp,random,rf,lime,random,-0.0006410390968490474,0.015859157789564222,-0.0009926174107101344,0.023691383967220356,0.005360623781676413,0.0190183394747445,10
CYP3A4-Sub,metabolism,ecfp,random,hgb,shap,lime,0.03792998269448403,0.01997068087132408,0.04749306155711471,0.024883679340901868,0.04748308680197225,0.04838827914509291,10
CYP3A4-Sub,metabolism,ecfp,random,hgb,shap,random,0.0004560492040301962,0.01741250458390024,0.0005854875994651652,0.021815056133023664,0.003508771929824561,0.013128622409733129,10
CYP3A4-Sub,metabolism,ecfp,random,hgb,lime,random,0.0024993384627910774,0.012876080434583445,0.0037279455031771673,0.01928165431789257,0.0008771929824561403,0.006737847147253164,10
CYP3A4-Sub,metabolism,ecfp,random,mlp,ig,lime,0.0264674845126272,0.015246024314128817,0.039661376407356654,0.022729622666346937,0.015319344111913769,0.03231295058053857,10
CYP3A4-Sub,metabolism,ecfp,random,mlp,ig,random,0.0013490045577312258,0.016153999629523606,0.0020037688348450715,0.024169481497311823,0.005263157894736842,0.015789473684210527,10
CYP3A4-Sub,metabolism,ecfp,random,mlp,lime,random,-0.0005067756676437064,0.01400192927069834,-0.0007731435568302409,0.02094843754433608,0.0017543859649122805,0.009447657556376323,10
HalfLife,excretion,ecfp,scaffold,rf,shap,lime,0.00890282778351445,0.01692198579068109,0.01265437845951354,0.02398403442193551,0.037551599587203305,0.05878776894848424,10
HalfLife,excretion,ecfp,scaffold,rf,shap,random,0.0013055265921885,0.014639894288757302,0.0019469261664175912,0.020825454953322452,0.0,0.0,10
HalfLife,excretion,ecfp,scaffold,rf,lime,random,-0.00218262752401889,0.015574979941152195,-0.003305071635263356,0.02334312030906949,0.0017543859649122805,0.009447657556376323,10
HalfLife,excretion,ecfp,scaffold,mlp,ig,lime,0.03617801740648641,0.01869358749286049,0.054143522662167744,0.027878590204724225,0.008089668615984405,0.02401916222455526,10
HalfLife,excretion,ecfp,scaffold,mlp,ig,random,-0.00033229005610599155,0.01512128210657945,-0.0005111533402446031,0.02259364944101949,0.0,0.0,10
HalfLife,excretion,ecfp,scaffold,mlp,lime,random,0.002092206837241492,0.016022504392550114,0.003056222416826467,0.023975000935547986,0.0043859649122807015,0.01454659995769912,10
HalfLife,excretion,ecfp,random,rf,shap,lime,0.013728773622579203,0.02055756954141588,0.01944066432576148,0.029120487772647103,0.055697454420364646,0.06813699100415412,10
HalfLife,excretion,ecfp,random,rf,shap,random,-0.00041980111467510185,0.015375131453496362,-0.0006208493436001823,0.02178743039390904,0.0043859649122807015,0.01454659995769912,10
HalfLife,excretion,ecfp,random,rf,lime,random,-0.0033698005719752498,0.013077378692289383,-0.005031307146898127,0.019618414644479585,0.002631578947368421,0.011470786693528088,10
HalfLife,excretion,ecfp,random,hgb,shap,lime,0.026380630940429434,0.017103477135440342,0.03294481520700916,0.02132450904139095,0.03966861598440546,0.0412973670959696,10
HalfLife,excretion,ecfp,random,hgb,shap,random,-0.002409340144485013,0.015359911347553568,-0.0029911519857975036,0.019192607132178782,0.002631578947368421,0.011470786693528088,10
HalfLife,excretion,ecfp,random,hgb,lime,random,0.003214418839561961,0.014257647074545318,0.004829249122448058,0.02131607369610953,0.002631578947368421,0.011470786693528086,10
HalfLife,excretion,ecfp,random,mlp,ig,lime,0.03682031076945432,0.01672454857429044,0.055038309589330536,0.02493236872551301,0.008089668615984405,0.024019162224555256,10
HalfLife,excretion,ecfp,random,mlp,ig,random,-0.0020107957913612696,0.012133558824174565,-0.0030935016832310093,0.018088734363559657,0.002631578947368421,0.011470786693528088,10
HalfLife,excretion,ecfp,random,mlp,lime,random,7.375503786028331e-05,0.01525777567769044,0.00015174955022324323,0.022802073353490864,0.0017543859649122805,0.009447657556376322,10
CL-Hepa,excretion,ecfp,scaffold,rf,shap,lime,0.007422821232868763,0.016478294694994875,0.011044661497360128,0.024365626768459568,0.07245155372090355,0.03366747840756776,10
CL-Hepa,excretion,ecfp,scaffold,rf,shap,random,-0.00036404480869794926,0.015510402099898467,-0.000566481011934544,0.0229295801007426,0.0043859649122807015,0.01454659995769912,10
CL-Hepa,excretion,ecfp,scaffold,rf,lime,random,0.002181721090823971,0.01323494430323182,0.0032655278322986574,0.019898204638613092,0.003508771929824561,0.013128622409733129,10
CL-Hepa,excretion,ecfp,scaffold,hgb,shap,lime,0.02725581404124722,0.017261574283434108,0.03532095025952812,0.022252820192517182,0.06604603829836028,0.05907863662292792,10
CL-Hepa,excretion,ecfp,scaffold,hgb,shap,random,-0.0012056128319755269,0.01726187147879981,-0.001582860078886577,0.022377114773190057,0.002631578947368421,0.011470786693528088,10
CL-Hepa,excretion,ecfp,scaffold,hgb,lime,random,-0.004356079399731315,0.013238690157729306,-0.00649456350375736,0.019927999114630602,0.0043859649122807015,0.014546599957699122,10
CL-Hepa,excretion,ecfp,scaffold,mlp,ig,lime,0.03587965816978667,0.015079736336771368,0.05370972813658828,0.022566900280283828,0.019997706685013186,0.051812977203818035,10
CL-Hepa,excretion,ecfp,scaffold,mlp,ig,random,-0.0003079397473623017,0.012988499754937039,-0.0004079400665253442,0.019436688077007287,0.0008771929824561403,0.006737847147253164,10
CL-Hepa,excretion,ecfp,scaffold,mlp,lime,random,-0.004856923495766162,0.016040629481981313,-0.007286352352524366,0.024078585636241347,0.003508771929824561,0.013128622409733129,10
CL-Hepa,excretion,ecfp,random,rf,shap,lime,0.015882150418016414,0.01715518717422031,0.023464463218602787,0.025361893644513276,0.14617446393762182,0.08024381637982485,10
CL-Hepa,excretion,ecfp,random,rf,shap,random,-0.00022364791184016424,0.0151091345979728,-0.0003309763090660855,0.022352497147500826,0.0008771929824561403,0.006737847147253164,10
CL-Hepa,excretion,ecfp,random,rf,lime,random,-1.3326158198990069e-05,0.01343437127145586,-4.208943413095117e-05,0.02017086370752855,0.0017543859649122805,0.009447657556376322,10
CL-Hepa,excretion,ecfp,random,hgb,shap,lime,0.027122930293879053,0.018290613276255762,0.035013397314545676,0.02357961629354332,0.058743263387226234,0.05112773465844381,10
CL-Hepa,excretion,ecfp,random,hgb,shap,random,4.7694277921697254e-05,0.015206822999341741,2.9406716155757475e-05,0.019670565221979033,0.003508771929824561,0.013128622409733129,10
CL-Hepa,excretion,ecfp,random,hgb,lime,random,0.0014955829669434947,0.013293660354380718,0.002198583691229509,0.01998497172351119,0.0,0.0,10
CL-Hepa,excretion,ecfp,random,mlp,ig,lime,0.034859099892090864,0.016317285278287408,0.05215077449618656,0.024402213511727933,0.022872950349730532,0.053909439958317366,10
CL-Hepa,excretion,ecfp,random,mlp,ig,random,0.0006249409681454362,0.014385997519761438,0.0009335131959311208,0.02151901939646227,0.0018518518518518517,0.014224343977534457,10
CL-Hepa,excretion,ecfp,random,mlp,lime,random,0.0010663788979807846,0.015620404813282961,0.0016434601235443649,0.023534768530148974,0.0043859649122807015,0.01454659995769912,10
