ig_auc,occ_auc,random_auc
0.75,0.25,0.65
0.0,1.0,0.2142857142857143
0.1428571428571429,1.0,0.7142857142857143
1.0,1.0,1.0
0.75,0.75,1.0
0.5,1.0,1.0
0.5151515151515151,0.6363636363636364,0.6363636363636364
0.8666666666666667,0.8666666666666667,0.19999999999999996
0.0,0.07692307692307687,0.7115384615384616
1.0,1.0,1.0
0.0,0.0,1.0
0.0,0.0,1.0
0.8181818181818181,0.6363636363636364,0.6363636363636364
0.33333333333333337,0.8518518518518519,0.25925925925925924
0.4,0.7999999999999999,0.15000000000000002
0.282051282051282,0.717948717948718,0.6923076923076923
0.2333333333333333,0.7833333333333333,0.6666666666666666
0.0,0.4,0.0
0.8571428571428571,1.0,0.4285714285714286
0.0,0.75,0.625
0.5714285714285714,1.0,0.1428571428571429
1.0,0.33333333333333337,0.8333333333333334
0.0,1.0,0.3125
0.6666666666666667,0.9999999999999999,0.9166666666666667
0.4,0.0,1.0
0.6,1.0,0.0
0.4,0.6,0.4
1.0,0.25,0.25
0.25,0.75,0.625
0.0,0.4,0.6
0.7142857142857143,0.9285714285714286,0.5714285714285714
0.0,0.2727272727272727,0.8636363636363636
0.35,0.35,0.6499999999999999
0.33333333333333337,0.6666666666666667,0.6666666666666666
0.8,0.8,0.19999999999999996
1.0,1.0,0.8
0.6285714285714287,0.5142857142857143,0.37142857142857144
0.18181818181818177,0.7272727272727273,0.4545454545454546
0.19999999999999996,0.8500000000000001,0.85
1.0,1.0,0.0
0.5,0.5,0.0
0.5,0.5,0.5
0.5,0.5,1.0
1.0,1.0,0.25
0.75,1.0,0.75
1.0,0.8,1.0
0.4,0.4,0.0
0.6,1.0,0.8
0.5833333333333333,1.0,0.3333333333333333
0.2222222222222222,1.0,0.5555555555555556
1.0,1.0,0.33333333333333337
0.4,0.8,0.6
0.625,0.5,0.125
0.0,0.8,0.6
0.8,0.9,0.7
0.6666666666666667,0.5,0.33333333333333337
0.0,0.19999999999999996,0.5
0.5,1.0,0.0
0.0,0.0,0.6666666666666667
1.0,1.0,0.33333333333333337
0.9166666666666667,1.0,0.5833333333333334
0.3333333333333333,0.6666666666666667,0.33333333333333337
0.2857142857142857,0.8571428571428572,0.2857142857142857
0.75,0.19999999999999996,0.7
0.0,1.0,0.36666666666666664
0.09999999999999998,1.0,0.9
0.7857142857142857,0.9285714285714286,0.5
0.35714285714285715,0.7142857142857142,0.4285714285714286
0.8571428571428572,1.0,0.35714285714285715
0.5,0.5,0.5
1.0,1.0,1.0
0.5,0.5,0.5
0.6944444444444444,0.625,0.4722222222222222
0.5520833333333333,0.71875,0.29166666666666663
0.05882352941176472,0.7294117647058824,0.3764705882352941
0.875,0.75,0.43750000000000006
0.0,0.8666666666666667,0.4
0.0714285714285714,0.9285714285714286,0.10714285714285715
0.575,0.675,0.475
0.41666666666666663,0.75,0.8333333333333334
0.6666666666666667,1.0,0.25
1.0,0.0,0.5
0.0,1.0,0.75
0.0,0.0,0.625
0.08333333333333337,0.9166666666666666,0.3888888888888889
0.7222222222222222,0.8333333333333334,0.6597222222222222
0.0,0.9285714285714286,0.375
1.0,1.0,0.5
0.19999999999999996,0.4,0.0
0.19999999999999996,0.8,0.19999999999999996
0.8666666666666667,0.33333333333333337,0.7666666666666666
0.0,1.0,0.45454545454545453
0.09090909090909094,1.0,0.8636363636363635
0.75,1.0,0.25
0.0,0.25,0.25
0.75,0.75,0.5
0.8,0.8,0.19999999999999996
0.0,0.4,1.0
1.0,1.0,0.8
0.8,0.8,0.8
0.0,0.0,0.25
0.6,0.6,0.4
1.0,0.33333333333333337,0.75
0.0,0.5,0.75
1.0,1.0,0.4166666666666667
1.0,0.375,0.375
0.0,1.0,0.45833333333333326
1.0,1.0,0.25
0.4285714285714286,0.7142857142857143,0.5714285714285714
0.8333333333333334,0.9166666666666667,0.0
0.16666666666666663,0.16666666666666669,0.6666666666666667
0.7142857142857142,0.7142857142857143,0.6428571428571429
0.16666666666666663,0.8333333333333334,0.888888888888889
0.5,1.0,0.875
0.33333333333333337,0.33333333333333337,0.11111111111111116
0.5555555555555556,0.8888888888888888,0.7777777777777778
0.5555555555555556,0.8888888888888888,0.4444444444444444
0.6875,0.8125,0.1875
0.6666666666666667,1.0,0.7777777777777778
0.0,0.6666666666666667,0.7777777777777778
0.9,0.8,0.5499999999999999
0.2857142857142857,0.7142857142857143,0.5
0.0,0.75,0.75
0.4375,0.4375,0.125
0.375,0.875,0.75
0.4444444444444444,0.888888888888889,0.33333333333333337
1.0,1.0,0.25
0.0,1.0,0.5
0.6666666666666667,0.33333333333333337,1.0
0.75,1.0,1.0
1.0,0.0,1.0
0.3333333333333333,1.0,0.11111111111111112
0.8400000000000001,0.9,0.6900000000000001
0.26315789473684215,0.9473684210526316,0.368421052631579
0.16666666666666669,0.9444444444444444,0.4722222222222222
1.0,0.5666666666666667,0.7666666666666666
0.09999999999999998,0.7,0.0
0.19999999999999996,0.4,0.30000000000000004
0.6666666666666667,0.6666666666666667,0.0
1.0,0.33333333333333337,0.6666666666666667
0.6666666666666667,0.6666666666666667,0.0
0.7500000000000001,1.0,0.8333333333333334
0.5714285714285714,1.0,1.0
0.0,0.8571428571428572,0.0
1.0,1.0,0.5
0.0,0.0,0.375
1.0,1.0,0.125
0.8,0.8,0.19999999999999996
0.8,0.4,0.19999999999999996
0.5,0.5,0.0
1.0,1.0,1.0
0.8666666666666667,0.8666666666666667,0.4666666666666667
0.5384615384615384,1.0,0.5641025641025641
0.3333333333333333,0.46153846153846156,0.33333333333333326
0.25,0.25,0.5
0.0,0.5,1.0
0.8333333333333333,1.0,0.3333333333333333
1.0,0.5,0.6666666666666666
0.25,0.25,0.75
0.25,1.0,0.75
1.0,1.0,0.33333333333333337
0.0,0.75,0.0
0.25,0.25,1.0
0.4,0.6,0.8
1.0,1.0,0.8
0.0,0.4,0.4
0.7714285714285715,0.8285714285714286,0.7142857142857143
0.2727272727272727,1.0,0.7272727272727273
0.4,0.7999999999999999,0.35000000000000003
1.0,0.5,0.3333333333333333
0.0,0.25,0.75
0.0,0.25,0.25
0.5925925925925926,0.7407407407407408,0.6666666666666667
0.9500000000000001,0.9,0.39999999999999997
0.0,0.4,0.09999999999999998
1.0,0.33333333333333337,0.7333333333333334
0.0,1.0,1.0
0.2857142857142857,1.0,0.5714285714285714
0.19999999999999996,0.8,0.76
0.0,0.5555555555555556,0.33333333333333337
0.6666666666666667,0.5555555555555556,1.0
1.0,1.0,1.0
0.33333333333333337,1.0,0.33333333333333337
0.33333333333333337,0.6666666666666667,0.0
0.4666666666666667,0.4,0.6166666666666666
0.1428571428571429,1.0,0.35714285714285715
0.2857142857142857,1.0,0.5
0.8095238095238095,0.738095238095238,0.5
0.16666666666666663,0.8333333333333334,0.5
0.36363636363636365,0.8636363636363636,0.5909090909090908
0.5,1.0,0.3333333333333333
0.16666666666666663,0.6666666666666667,0.0
1.0,1.0,0.5
1.0,0.33333333333333337,0.41666666666666663
0.0,1.0,0.9
0.19999999999999996,1.0,0.19999999999999996
0.7361111111111112,0.6587301587301587,0.34325396825396826
0.24456521739130438,0.9402173913043479,0.45652173913043476
0.28274428274428276,0.44594594594594594,0.45322245322245325
0.8,1.0,0.45000000000000007
0.0,0.375,1.0
0.875,1.0,0.125
1.0,1.0,0.3125
0.6666666666666667,0.6666666666666667,0.9166666666666667
0.6666666666666667,0.6666666666666667,0.16666666666666663
1.0,0.6,0.42
0.0,1.0,0.4615384615384615
0.15384615384615385,1.0,0.5
0.3888888888888889,0.22222222222222227,0.9444444444444444
0.3333333333333333,1.0,0.375
0.6111111111111112,0.888888888888889,0.5
1.0,1.0,0.3333333333333333
1.0,1.0,0.0
0.0,0.6666666666666667,0.0
1.0,1.0,0.0
0.5,0.5,1.0
0.0,1.0,0.5
0.875,0.875,0.375
0.5,0.75,0.375
0.65,0.35,0.35
0.6428571428571428,0.6428571428571428,0.4285714285714286
0.5,0.7142857142857143,0.28571428571428575
0.3333333333333333,0.7222222222222222,0.3333333333333333
0.39999999999999997,0.7333333333333333,0.9
0.1428571428571429,0.7142857142857143,0.75
0.5714285714285714,1.0,0.39285714285714285
0.33333333333333337,0.6666666666666667,0.7500000000000001
0.24,1.0,0.55
0.0,0.75,0.5625
0.6799999999999999,0.56,0.52
0.25,0.875,0.625
0.6666666666666667,1.0,0.0
0.25,0.25,0.75
0.33333333333333337,0.6666666666666667,0.0
0.0,0.5,1.0
0.625,0.75,0.125
0.875,0.875,0.0
0.0,0.4285714285714286,0.0
1.0,1.0,0.2222222222222222
0.4444444444444444,0.4444444444444444,0.11111111111111116
0.4285714285714286,0.7619047619047619,0.2857142857142857
0.625,0.75,1.0
0.0,0.0,0.875
0.6,0.4,0.6
0.8333333333333334,0.8333333333333334,0.33333333333333337
0.16666666666666663,1.0,0.16666666666666663
1.0,0.9999999999999999,0.5
0.8181818181818182,0.6666666666666667,0.6212121212121213
0.0,0.875,0.0625
0.1875,0.0625,0.375
1.0,1.0,0.33333333333333337
0.0,0.6666666666666667,0.0
0.6666666666666667,1.0,0.33333333333333337
0.6428571428571428,0.8214285714285714,0.5357142857142857
0.25,0.6666666666666666,0.5208333333333334
0.8,1.0,0.19999999999999996
1.0,1.0,1.0
0.0,0.6666666666666667,0.6666666666666667
0.0,0.6666666666666667,0.33333333333333337
0.7142857142857143,0.7142857142857143,0.6428571428571428
0.25,0.625,0.375
0.4285714285714286,0.7857142857142857,0.2142857142857143
0.75,0.9583333333333333,0.5833333333333333
0.0,0.5,0.9
0.4,0.0,0.5
1.0,1.0,0.4444444444444444
0.6190476190476191,0.7142857142857143,0.38095238095238093
0.0,0.6190476190476191,0.4285714285714286
0.85,0.75,0.8500000000000001
0.0,0.75,0.625
0.125,0.125,1.0
0.625,0.75,0.75
0.4285714285714286,0.5714285714285714,0.5714285714285714
1.0,0.875,0.0
0.875,0.75,0.625
0.4285714285714286,0.5714285714285714,0.23809523809523808
0.2222222222222222,0.33333333333333337,0.0
1.0,1.0,0.0
0.5,0.5,0.0
0.5,0.5,0.5
0.6666666666666667,1.0,0.5416666666666667
0.25,0.75,0.375
1.0,1.0,0.5
1.0,0.33333333333333337,0.33333333333333337
0.25,0.6666666666666666,1.0
0.8333333333333334,1.0,0.0
0.6666666666666666,0.8541666666666666,0.7083333333333333
0.26666666666666666,0.6833333333333333,0.6833333333333333
0.8823529411764706,1.0,0.5588235294117647
0.5,1.0,0.75
0.8333333333333334,0.16666666666666663,0.16666666666666669
0.0,1.0,0.8333333333333334
0.75,0.75,0.25
0.6666666666666667,0.5,0.0
0.0,0.25,0.0
1.0,0.8,0.75
0.0,0.4285714285714286,0.0
0.7142857142857142,0.5714285714285714,0.28571428571428575
