faith,faithful,consensus,conf,margin,knn_dist,attr_l2,attr_entropy
0.8711901704470316,1,0.6611764705882354,0.9363081,0.8726162,184.78050995564666,0.28858937744803476,3.3094496609991935
0.7637209097544352,1,0.6890921752808619,0.95709157,0.91418314,163.3891330138344,0.2875708588193474,3.3267363081484924
0.5326117277145386,1,0.4623769507803121,0.5566927,0.11338541,180.1404558186244,0.28706999042263903,3.3417630040572686
-0.028018732865651447,0,0.38285714285714284,0.9568312,0.9136624,165.05853574075152,0.2869007180657564,3.3690323315632353
0.7336201270421346,1,0.489171668667467,0.75595546,0.5119109,178.00348006901098,0.29204959792892066,3.3118978989323966
0.8519197702407837,1,0.46535414165666267,0.89186203,0.78372407,165.096443428077,0.2905789324888161,3.3149430743194874
-0.3909093538920085,0,0.6162304921968788,0.58909553,0.1781911,172.35805735279422,0.28688819831937606,3.3590934813388937
-0.030520737171173096,0,0.3618247298919568,0.95722145,0.91444284,171.60213625559965,0.28802343453640417,3.3499356418409065
0.5987335840861002,1,0.5791596638655462,0.61845416,0.23690832,166.00549740743122,0.2879726902691433,3.343648037191795
0.7840863466262817,1,0.5244177671068426,0.82309353,0.64618707,173.23007486795217,0.29112956801128975,3.299606914202095
0.8813918034235636,1,0.5951980792316927,0.90486044,0.8097208,172.90706456963557,0.2899747734790358,3.3130160687305072
-0.4771571358044942,0,0.3333013205282113,0.5094159,0.018831909,177.80761188704457,0.290247963030336,3.326811776318824
0.8221957087516785,1,0.5614885954381752,0.8505915,0.70118296,164.76173982930248,0.28844767981796104,3.332038559918893
0.5323094725608826,1,0.4012004801920768,0.5456093,0.09121859,175.03030950073662,0.28900042666798914,3.328135570719769
-0.2738567392031352,0,-0.01474189675870348,0.69842845,0.39685687,159.21332882762022,0.2889280192787893,3.364389534556235
0.7267727255821228,1,0.5615846338535414,0.7419204,0.48384082,177.08210793730368,0.2911229110934677,3.323475141287179
0.746630330880483,1,0.5488115246098438,0.7863492,0.5726984,170.81385754938515,0.2914148864131133,3.3063205337334893
0.4592062532901764,1,0.5924129651860743,0.5665383,0.13307652,167.45633080049925,0.28648617358112927,3.3543042346359253
0.7798435091972351,1,0.5094357743097239,0.8945599,0.7891199,175.36931808221854,0.2882489372844703,3.342434490263995
-0.041042725245157875,0,0.2935414165666266,0.9426547,0.88530946,165.8603797767019,0.29004635878283885,3.357972243301288
0.003311793009440104,1,0.2645378151260504,0.9847971,0.96959424,161.7892407584414,0.28620075702486353,3.396145669351268
0.7075896263122559,1,0.5574549819927971,0.7887156,0.5774312,179.23361458715902,0.2854952414197422,3.3590989073532924
0.6623985568682352,1,0.6889315726290516,0.6822738,0.36454758,170.0100921286832,0.28944678079741337,3.332008674812323
-0.01250302791595459,1,0.2482112845138055,0.9734321,0.94686425,164.9814663569628,0.2845039332677803,3.3985127153174384
-0.025779426097869873,0,0.4942617046818727,0.9625402,0.9250804,169.80091398269698,0.2877398417396742,3.3750050250045396
0.5445506374041239,1,0.7269627851140456,0.5702898,0.14057952,175.96526286378779,0.287771753655278,3.3414957422934206
-0.02026619513829549,0,0.510876350540216,0.9690707,0.9381413,175.17137297269534,0.2879357735609128,3.360341421811375
-0.2699279189109802,0,0.6529171668667467,0.6132509,0.22650185,180.07868070256438,0.2879824630671205,3.351219879066869
0.777450958887736,1,0.6240096038415366,0.83588856,0.6717771,183.79062190379696,0.28941318439038444,3.314347290673679
-0.11504930257797241,0,0.4071548619447779,0.8717935,0.74358696,164.85599262022907,0.28735845474554844,3.358596451567196
-0.07954305410385132,0,0.40312124849939973,0.9095165,0.819033,169.73882566767688,0.28771323483708916,3.3654079656891525
0.7543568015098572,1,0.44912364945978384,0.7872717,0.5745433,175.70103462068928,0.28866315640242335,3.3344412076193164
0.5738408168156942,1,0.527875150060024,0.59159493,0.1831899,153.15736000098667,0.2903947775417945,3.3105167396467143
-0.11874375740687053,0,0.44374549819927966,0.8630018,0.72600365,176.52888203378734,0.28838668421480984,3.3536251266566017
0.890240490436554,1,0.6457142857142857,0.91547227,0.83094454,166.0642089734379,0.2898133326728131,3.309066227353245
0.8324287335077921,1,0.35058823529411764,0.85673064,0.7134613,174.66475236926087,0.29129780330714306,3.313617493092737
-0.021871248881022137,0,0.46185982870044107,0.9663045,0.93260896,165.55991535699485,0.28829076401458453,3.34912676798371
0.7831372022628784,1,0.75875150060024,0.8538403,0.7076806,171.20816825253291,0.2884992816461679,3.3285094997357034
-0.3549649516741435,0,0.5042496998799519,0.62818146,0.25636292,175.4817323381494,0.29009182140310125,3.33578227060943
0.7557628353436788,1,0.6365906362545017,0.7830848,0.5661696,160.57588346288188,0.287140068954178,3.350538235405484
-0.15328431129455566,0,0.6024969987995198,0.8247652,0.6495304,178.45233054077684,0.2880932662677057,3.3558867958472
0.8393393754959106,1,0.7111815411783668,0.88915855,0.7783171,172.24107978554298,0.2875834449406584,3.354750439082594
0.6093719998995463,1,0.47697478991596637,0.6565944,0.31318876,154.03156290554017,0.2884872161054036,3.3435570980059706
0.4872424006462097,1,0.4625690276110444,0.54817325,0.0963465,179.46244994942566,0.28815535382782104,3.32416882234818
0.009216725826263428,1,0.3963025210084033,0.98899263,0.9779853,178.06065592228492,0.2868645464475809,3.3695321731602372
0.8086471756299337,1,0.6940216086434573,0.844111,0.68822205,168.04806501334582,0.287814947591548,3.3491302781917147
-0.39148006836573285,0,0.7110204081632653,0.5913386,0.18267709,160.30898544102754,0.28779058112244477,3.344580372431471
0.5719912846883138,1,0.5110684273709484,0.59797245,0.1959449,171.5234513896518,0.2885694885860836,3.345280145802615
0.6658694346745809,1,0.5912605042016807,0.69717246,0.394345,175.58388104088021,0.28918341113446694,3.3298294423198866
-0.4287108778953552,0,0.4886914765906362,0.5594835,0.118967,170.2525924334321,0.28964595806519455,3.323836820652423
0.8373642166455587,1,0.5308523409363746,0.93158627,0.86317253,168.36867390272332,0.2882606555493183,3.340710694455196
0.755696435769399,1,0.6297719087635053,0.82841325,0.6568265,172.63350124422524,0.2873519687888567,3.350137734065504
0.7780811190605164,1,0.6171908763505402,0.80711424,0.6142285,181.8046127748156,0.28941698566411755,3.3163977086078327
0.7735307614008585,1,0.5335414165666266,0.8656812,0.7313623,163.0111255172495,0.2847496513315814,3.378580270589095
-0.031358540058135986,0,0.24830732292917165,0.95873356,0.91746706,164.99346761036628,0.2882234260924721,3.3560794077383025
-0.09071900447209676,0,0.48600240096038416,0.8981753,0.7963506,163.96325912187206,0.2920577412283915,3.308261311580938
0.5134255091349283,1,0.573781512605042,0.58925,0.1785,179.01994437911554,0.28722401236530265,3.3404509412147196
-0.24793686469395956,0,0.4787995198079231,0.7376432,0.4752863,167.9484034266232,0.2889598575961909,3.3442919312617603
0.6658055186271667,1,0.06554621848739495,0.6803395,0.360679,168.1236759062607,0.28992004702758617,3.327606127815206
-0.14992729822794595,0,0.4933973589435774,0.8253285,0.6506571,172.09288570569393,0.28851359271283805,3.3457661048987557
0.5813628435134888,1,0.4470108043217287,0.65555423,0.31110847,167.50073198236197,0.288250072435935,3.346402563743876
0.6810228029886881,1,0.5884753901560623,0.7111674,0.4223348,177.50695910978013,0.286816867978878,3.3418678110458617
0.5674037933349609,1,0.6540696278511404,0.57675725,0.15351453,180.44825537374592,0.28705275866354935,3.350777159229217
0.5960439840952555,1,0.4593037214885954,0.6217895,0.24357906,173.99339265829957,0.28727600974227835,3.3584185117287717
0.5398261547088623,1,0.533829531812725,0.5620466,0.124093175,178.425035605867,0.2891017227012995,3.3319056328703294
-0.1488116184870402,0,0.4572869147659063,0.8305037,0.6610074,169.35861624033237,0.28564758143860364,3.3657348090758434
-0.26478757460912067,0,0.4085954381752701,0.7195347,0.43906936,174.8623708056935,0.28858929514409365,3.348334761193893
-0.0716861089070638,0,0.672124849939976,0.9174535,0.83490705,172.35506994693466,0.28812925484104823,3.345849516218154
0.8407408197720846,1,0.6948859543817527,0.94236296,0.8847259,175.35701523065478,0.2899853660235459,3.317607491945928
0.6679063638051351,1,0.48600240096038416,0.69662774,0.3932555,183.29723220750876,0.2907382889795719,3.3087912211560666
-0.40246586004892987,0,0.6055702280912364,0.585486,0.17097202,184.56301062789083,0.28797088917176067,3.3412803944093326
0.6592615644137064,1,0.4545018007202881,0.67166,0.34332007,168.69167346238768,0.2882540494965141,3.3355993428655157
0.5826216538747152,1,0.3454021608643457,0.59652996,0.19305992,172.8370275943192,0.2894947667905869,3.333992061176002
0.6225500504175822,1,0.5290276110444178,0.97701186,0.95402366,177.04254663657434,0.2905823986557958,3.28766888688036
-0.0049688418706258135,0,0.3831452581032413,0.9829723,0.9659446,165.8342540631915,0.28778360487105636,3.3739639301816733
-0.3436867594718933,0,0.5818487394957984,0.6483366,0.29667315,171.47482105925224,0.2882135022786498,3.3354788482423765
0.7338477770487467,1,0.527875150060024,0.7710912,0.54218245,181.9732239295623,0.2912096830440872,3.3000957716683983
0.6573749581972758,1,0.6256422569027611,0.7039765,0.40795296,174.91635636484526,0.2892886848382329,3.315101022156307
-0.03163848320643107,0,0.36566626650660267,0.95463896,0.9092779,167.09878549945853,0.28998988340841325,3.35679768281667
0.5061705112457275,1,0.2978631452581032,0.5335777,0.06715527,185.49070884672886,0.2915131612135242,3.3092666685552805
-0.36095863580703735,0,0.4051380552220888,0.6200117,0.24002331,178.31691137503464,0.28803474324218276,3.3375560328031475
0.7276792228221893,1,0.48312124849939975,0.90199065,0.80398136,170.5734017102577,0.28926308667759143,3.316981136573469
0.5278397997220358,1,0.36585834333733486,0.543503,0.08700594,180.85890126856,0.28914762181869436,3.32430597665013
0.8641111254692078,1,0.6868187274909963,0.95993036,0.9198608,174.21233786694006,0.2870937479002396,3.3391810559056236
0.48568904399871826,1,0.43289315726290517,0.516633,0.03326592,171.2456891350238,0.28734147061314075,3.3496488697824147
0.7906548579533895,1,0.5654261704681873,0.8214827,0.64296544,169.57698912487209,0.2893438452704281,3.314327804651973
-0.10356281201044719,0,0.40936374549819926,0.8800319,0.7600637,169.92266360799007,0.28945771940806,3.334688542132639
-0.11587297916412354,0,0.2256422569027611,0.86569214,0.7313843,173.28524378505304,0.2910710144463545,3.3215171728049926
0.8170515100161234,1,0.7375270108043217,0.8724011,0.7448023,167.61239235495935,0.28802734822674747,3.336773835650256
-0.0568813681602478,0,0.02444177671068427,0.9243319,0.8486638,181.42642155458242,0.28816942595143047,3.3495153963406996
-0.44111504157384235,0,0.5947178871548618,0.54284656,0.08569312,183.66149160698654,0.28750593532878654,3.344477438609636
-0.28299862146377563,0,0.6024009603841537,0.65605336,0.3121067,170.78336681954747,0.28723965625190045,3.3468512885310124
0.6786283453305563,1,0.769315726290516,0.9749963,0.9499926,170.73852149064797,0.2876570791095439,3.3287766769294427
0.660392185052236,1,0.6627130852340937,0.67385864,0.34771726,184.14114008306348,0.2887142029896656,3.333316977045459
0.6743444999059042,1,0.5310444177671068,0.6892341,0.37846816,164.581602740109,0.28916020498724593,3.345379295003973
-0.15612411499023438,0,0.5362304921968788,0.8301727,0.66034544,180.22859298453926,0.2857767048725024,3.3775207064402295
0.5703133344650269,1,0.6390876350540216,0.612883,0.22576591,164.17110617431612,0.2878866749322754,3.330591154406442
0.6981302897135416,1,0.4168547418967587,0.7345983,0.46919662,168.4251995151238,0.2891368422536364,3.336652152004078
-0.45741212368011475,0,0.3079471788715486,0.5233314,0.046662867,169.22105343288553,0.2895073911371279,3.342027000062006
-0.15256381034851074,0,0.6913325330132052,0.8250234,0.6500468,173.0299796233863,0.2866042289527207,3.3797268017917443
0.8565334677696228,1,0.487250900360144,0.9123048,0.8246096,176.50712657693845,0.28983929390437263,3.323943876836156
-0.0859567920366923,0,0.3821848739495798,0.9028841,0.80576825,163.83694335631958,0.2883487835622283,3.353119007254189
0.7468195756276449,1,0.45959183673469384,0.7797876,0.5595752,189.19947326597241,0.2872504951383301,3.349422241490602
0.8312919735908508,1,0.5743577430972389,0.9757102,0.95142037,176.37310047261252,0.28668381019675426,3.3387619136160227
-0.0177767276763916,0,0.4731332533013205,0.9719795,0.94395906,162.4411927189024,0.28646011738763155,3.37210867518453
-0.04011698563893636,0,-0.16801920768307324,0.93847114,0.87694234,168.13143060984802,0.28871086328372825,3.366283289222702
0.8810244599978129,1,0.6451380552220888,0.9183193,0.83663857,177.4700449247228,0.2892679956507034,3.3210498934773183
-0.11859047412872314,0,0.42223289315726287,0.87216866,0.74433726,160.9413796869024,0.28939931073605496,3.3379079133562013
-0.040342589219411217,0,0.703625450180072,0.9078433,0.8156865,180.2917175982323,0.2868215245602292,3.3720150726603912
-0.2883958617846171,0,0.4256902761104442,0.69930685,0.39861372,186.07892486601094,0.29096457781873614,3.3160210701845756
0.6405402223269144,1,0.6224729891956783,0.65782106,0.31564218,169.27423999578872,0.29069301205710085,3.3227874767367918
-0.12405614058176677,0,0.5237454981992796,0.8667976,0.7335952,170.1712177112788,0.2893615160881211,3.345350127538358
0.5166187485059103,1,0.6099879951980792,0.53012925,0.06025842,173.111817768781,0.286789393500186,3.3475269597302084
0.7325008511543274,1,0.6429291716686675,0.9802846,0.96056914,175.6011952234324,0.2890928777087476,3.3084028884097223
0.7483152151107788,1,0.7217767106842736,0.96771026,0.93542045,165.71756302436387,0.28747291258029156,3.33702155826927
-0.45988259712855023,0,0.5750300120048019,0.5039977,0.007995337,175.20465600281196,0.28876410571052136,3.3384076965864957
0.7347433567047119,1,0.549579831932773,0.75424594,0.5084919,181.00576520935704,0.2886931608685956,3.327626969379707
-0.3069679339726766,0,0.27442977190876344,0.6761507,0.35230136,168.55638910116423,0.28750000768720874,3.344087392768129
0.7849079569180807,1,0.5728211284513806,0.89705276,0.7941055,167.31777689190494,0.29051632528681076,3.3219990908971435
-0.08762141068776448,0,0.5481392557022808,0.9030936,0.80618715,169.2717756803242,0.28695667272615,3.3590030352741107
-0.42513012886047363,0,0.5785834333733493,0.5527657,0.105531424,174.81625224988343,0.290499241236379,3.3182238535502657
-0.42477331558863324,0,0.6229531812725091,0.5544645,0.10892904,173.781897597117,0.2863844748668209,3.3556560390303654
0.658905565738678,1,0.6358856156842629,0.9686489,0.9372978,182.8072410433644,0.28942008459943636,3.305848719670214
-0.3536330262819926,0,0.4290516206482593,0.62443364,0.2488673,179.4340742388294,0.2911233167901823,3.317484762488451
0.8344765106836954,1,0.5753181272509003,0.89921385,0.79842776,164.48410586118322,0.29017227483930824,3.31851120234675
0.7614462574323019,1,0.3271548619447779,0.8173732,0.63474643,163.64461343907982,0.2891955518617858,3.3180414351797087
-0.014355778694152832,1,0.3389675870348139,0.9681531,0.93630624,163.68930923351235,0.2870106791357941,3.371181449504871
0.7955076297124227,1,0.4801440576230492,0.81976545,0.6395309,160.0110143392817,0.2924150868512486,3.313746079762248
0.7118178804715475,1,0.6748139255702281,0.7356044,0.47120878,188.91915885096802,0.2895133074919356,3.306915592173862
0.5360700090726217,1,0.5151020408163265,0.55077535,0.1015507,173.85523971609322,0.28763005749532233,3.352843338310093
0.6636911829312643,1,0.49560624249699875,0.6860398,0.3720796,168.56372966385425,0.2897448684806503,3.3201566242729066
0.7835178971290588,1,0.6896038415366146,0.90189564,0.8037913,173.98118412043928,0.2896972037914245,3.3125056708061393
-0.18716971079508463,0,0.5774309723889556,0.7990138,0.5980276,176.9133803887812,0.28779588043868104,3.3353415639896196
-0.01405954360961914,0,0.2693397358943577,0.9715683,0.9431366,162.97404759578865,0.2883964079670195,3.363348581063961
0.7266650398572286,1,0.420984393757503,0.7766558,0.5533116,163.28034745724653,0.2911724306409027,3.300762139506472
-0.18743465344111124,0,0.5690756302521007,0.79465073,0.5893014,194.24950610616156,0.2896238902809914,3.3265295239059367
0.822178582350413,1,0.7551980792316926,0.90972215,0.81944424,174.53628738227331,0.2893510850474075,3.3188596566506834
0.845677932103475,1,0.5794477791116447,0.9475337,0.8950674,178.94578128037,0.29339655113405055,3.2671817925787736
0.7915918827056885,1,0.6811524609843937,0.95562804,0.9112561,172.00449295421234,0.28872128152545634,3.320145456190359
-0.17938538392384848,0,0.5750300120048019,0.80954,0.61907995,170.13442296870065,0.28659909908426695,3.370289114971474
-0.15977289279301962,0,0.4655462184873949,0.8257344,0.65146875,162.60255763590095,0.2863593133834308,3.369925996693041
-0.4348172148068746,0,0.4768787515006003,0.54635054,0.09270111,162.83301804526286,0.288900052503203,3.34586752601487
-0.4551180998484294,0,0.5434333733493397,0.53306144,0.06612289,171.0660805180471,0.2879609455719193,3.3500260730518456
-0.1660292148590088,0,0.45863145258103244,0.81844926,0.6368985,179.29786933467648,0.29023771973444185,3.3330353934394408
-0.11867739756902058,0,0.4665066026410564,0.86264914,0.7252983,167.2831173544886,0.2870117741220606,3.376505171893836
-0.006870746612548828,0,0.27519807923169265,0.9819572,0.96391433,158.43956554631185,0.28699766868127224,3.3762006256290062
-0.052998244762420654,0,0.5427611044417767,0.91624165,0.8324833,180.92227984135508,0.2865309826882927,3.365590470312337
0.7970470587412516,1,0.6441776710684274,0.8773586,0.7547172,180.98781791564286,0.288024900009201,3.331460054875672
-0.026760180791219074,0,0.3195678271308523,0.959811,0.919622,173.19290405875995,0.2871988977802644,3.381514690238773
0.5647184252738953,1,0.60124849939976,0.582669,0.16533807,186.79603384647493,0.2896580936510877,3.318743048895451
-0.3589966893196106,0,0.6137334933973589,0.63040835,0.26081663,184.9380754231345,0.28793287439144927,3.344249291176599
0.7244824369748434,1,0.43577430972388953,0.85370964,0.7074193,172.56011895472795,0.29019605277465854,3.324731145882222
-0.0636783242225647,0,0.46631452581032407,0.92290384,0.8458077,169.730107534408,0.28957815181654895,3.3275227174107185
0.7694423596064249,1,0.5766626650660264,0.801934,0.60386795,166.62456815399952,0.2882275203449615,3.336504489215655
0.7399320006370544,1,0.6765426170468187,0.8347416,0.6694832,165.2205537734952,0.28867740433806705,3.3195504735010553
0.6606230139732361,1,0.57906362545018,0.6760601,0.35212016,182.92030689829585,0.2861104620250061,3.3619650058222805
-0.20701664686203003,0,0.5034813925570227,0.7752572,0.55051434,167.42726832787517,0.2884018789362369,3.3531287503303195
0.7764820456504822,1,0.6054741896758703,0.80276114,0.6055223,188.3269188615732,0.28823712635559084,3.337189606229076
0.7037295699119568,1,0.5393037214885954,0.7184561,0.4369122,174.37650823057112,0.2889106898794272,3.324193074021297
-0.032580296198527016,0,0.18578631452581032,0.9535247,0.9070494,162.82352298444786,0.2848876457296024,3.3908783086696452
-0.09245260556538899,0,0.5707082833133252,0.8971668,0.7943336,174.28058787472256,0.2856942831838626,3.361409580579514
0.7153001228968302,1,0.5852100840336134,0.73912466,0.47824925,171.72135927747738,0.290075931329065,3.3242569130931994
-0.25312838951746625,0,0.3931332533013205,0.7083102,0.4166203,160.9295679423361,0.28894570903252903,3.34781560375546
0.6416725118954977,1,0.6953661464585835,0.9783282,0.95665646,183.49073542060597,0.2870566671482906,3.337818513350257
-0.049860874811808266,0,0.3715246098439376,0.9310235,0.86204696,159.85260231570467,0.28999038383457143,3.344224319043299
0.832408626874288,1,0.5126050420168067,0.85146946,0.7029389,180.28702504671372,0.28935220637324777,3.323162981960085
0.7101026972134908,1,0.4679471788715486,0.8000842,0.60016835,170.04197682219095,0.28918520799631775,3.3267732669976953
0.8973076144854227,1,0.6272749099639856,0.9330845,0.866169,174.9766998515743,0.2892764402526135,3.3207860576471866
-0.2700457771619161,0,0.5913565426170468,0.7188974,0.43779483,167.1869812327165,0.2883966595002598,3.341876015791897
-0.029062350591023762,0,0.6064345738295318,0.95685214,0.9137043,176.3856926297754,0.2868352570553177,3.369583788405764
0.6175406376520792,1,0.42924369747899155,0.6417365,0.28347299,182.6447782423269,0.2878472766546544,3.3490026227728418
0.8464657068252563,1,0.7067947178871548,0.8735587,0.7471174,173.9413865257287,0.28862148717284647,3.3081008528118376
-0.007648726304372151,0,0.5973109243697478,0.9823837,0.9647674,187.9876697650665,0.2873135244211202,3.3550060928042593
-0.3993241588274638,0,0.1144297719087635,0.5810844,0.16216871,169.12297324978067,0.2904883903067885,3.3233432254550657
0.5972800453503927,1,0.5109723889555823,0.60960156,0.21920308,165.99795104770388,0.2890703168201117,3.3425016427345273
0.6223584214846293,1,0.27135654261704684,0.6497047,0.29940936,174.9179801387343,0.287953852015623,3.351667083649461
-0.11680763959884644,0,0.46775510204081633,0.87551016,0.7510203,178.34190434642832,0.2882779524597985,3.354058118376794
0.7950926423072815,1,0.5945258103241297,0.9040206,0.8080412,174.97585594207405,0.2897768056150476,3.3213565102979707
-0.25312421719233197,0,0.5916446578631452,0.72659993,0.45319986,172.00236038652614,0.29111044220093796,3.3161387459067555
0.5092681447664896,1,0.5292196878751501,0.59693205,0.1938641,180.01762181613054,0.2860382808558735,3.374655270594572
-0.16626973946889242,0,0.20912364945978393,0.8111079,0.6222157,161.75746716059982,0.2885762304285166,3.3394742197020477
0.6955527067184448,1,0.5931812725090035,0.7191822,0.43836436,173.79943630195066,0.28647591608652984,3.365850649897147
0.8114328781763712,1,0.6496518607442977,0.97512347,0.95024693,174.44288979727477,0.29003893682075244,3.30839878222563
-0.36167412996292114,0,0.522016806722689,0.62388563,0.24777132,167.42869836245188,0.28903797421246086,3.341163652493468
-0.31070395310719806,0,0.4791836734693878,0.6734545,0.34690905,156.68122369326468,0.28672741236806065,3.361167266022226
-0.059429009755452476,0,0.48667466986794716,0.927671,0.85534203,167.96066511173694,0.2908941769083012,3.3202446375110757
-0.42409565051396686,0,0.4501800720288115,0.55394316,0.107886285,176.74684576063387,0.28951495080533124,3.3518681121527667
0.8830762902895609,1,0.615174069627851,0.91044176,0.82088345,177.71827958090122,0.29131733352282946,3.297554024802908
-0.22966702779134116,0,0.6510924369747899,0.75587463,0.5117492,164.25366587263426,0.28936089151026845,3.3276543948823645
-0.1988817056020101,0,0.4687154861944778,0.7923885,0.584777,165.79847864354176,0.28760905540206655,3.3460370800537875
0.7586431701978048,1,0.4657382953181272,0.77807564,0.5561513,166.2522616298761,0.28928782106958334,3.3247681082521368
0.6096135179201762,1,0.7802641056422569,0.62019634,0.24039271,169.89216815817593,0.2872860585306434,3.338976580908064
0.5326079527537028,1,0.5428571428571428,0.554575,0.10915005,169.30611208739506,0.29114416327018505,3.306079615341911
0.6702462633450826,1,0.6671308523409364,0.68295014,0.36590025,167.83303826534012,0.2908611424398103,3.3137279887005153
-0.42108386754989624,0,0.4703481392557023,0.5639272,0.12785429,176.966526792381,0.288464080171007,3.344418380093653
0.7575311064720154,1,0.4273229291716686,0.77547383,0.5509476,170.6844326535824,0.28723101318063976,3.353734683531524
0.6220157543818156,1,0.6371668667466986,0.9626566,0.92531323,173.3281130519522,0.2882471128825817,3.318275602259675
-0.19390436013539633,0,0.352797118847539,0.7897025,0.57940495,170.11627766323448,0.289374107814237,3.3425752608071937
0.6371839642524719,1,0.30103241296518607,0.6638293,0.3276586,161.14680008804598,0.28959527830136783,3.326746748968545
0.6715320547421774,1,0.5514045618247297,0.6939594,0.3879189,175.38782002756062,0.2872524268666099,3.3535314735631965
0.4983729620774587,1,0.6279471788715486,0.5116707,0.023341417,170.65437533244472,0.2864189380158465,3.362831820962958
-0.19540083408355713,0,0.5382472989195678,0.79306924,0.5861385,167.16120802297263,0.2897538041990672,3.3292374445087525
-0.07821545998255412,0,0.3932292917166867,0.9091443,0.81828856,170.41490722298695,0.28923985462572294,3.3361111940947277
0.5819830894470215,1,0.43116446578631445,0.6355145,0.27102897,167.90292673788593,0.2910066203134539,3.3054051173150345
-0.3333431879679362,0,0.592124849939976,0.64248717,0.28497437,168.9045621526911,0.2867942514498513,3.367399099097101
-0.10731164614359538,0,0.491188475390156,0.87941283,0.75882566,171.87599838543707,0.2864326632668041,3.3601857267153266
-0.12092872460683186,0,0.655126050420168,0.8683641,0.73672813,183.11805133320402,0.2862161334125513,3.354731208197179
-0.03196869293848673,0,0.49848739495798317,0.95941913,0.9188382,183.25079677889377,0.29080385625547434,3.3147403982466273
0.8276181022326151,1,0.5565906362545018,0.86490893,0.7298178,188.51200624573403,0.29062487079973803,3.296482100304499
-0.02354643742243449,0,0.11106842737094838,0.9546221,0.9092441,172.8398464948334,0.2861780889112628,3.3784476851212824
0.564755400021871,1,0.620360144057623,0.5782518,0.15650359,164.55148348011545,0.28991094397515277,3.341091995275506
0.8975577553113302,1,0.6251620648259303,0.97657734,0.95315474,174.59325848622956,0.28957004974239176,3.3038024591468997
-0.09838680426279704,0,0.6984393757503,0.88703907,0.7740782,176.2385173976777,0.2856207243498212,3.3799314386893724
-0.28240187962849933,0,0.6342857142857142,0.70395845,0.40791687,187.46014098165998,0.29022383691951514,3.3235362749203694
0.7723537087440491,1,0.2934453781512605,0.81066066,0.6213213,171.57007899053735,0.2885962463940412,3.3400533721253174
0.6395940979321798,1,0.5293157262905162,0.66296816,0.32593632,176.73023637829448,0.2884472540158599,3.33183035961281
-0.04518228769302368,0,0.36585834333733486,0.94241,0.88482,167.40771130548163,0.2873058108088511,3.349833737636148
-0.16351894537607828,0,0.5030972388955581,0.81304383,0.62608767,187.8032327208902,0.29067643956303785,3.3204145409191708
-0.2928370237350464,0,0.528320007835543,0.67741483,0.35482967,167.67592485905817,0.2905389957471501,3.321129165271785
-0.02555161714553833,0,0.6761584633853541,0.9569041,0.9138082,191.49131190902875,0.28773638312873795,3.3370366249755747
0.5738369623819987,1,0.5243217286914765,0.5926756,0.18535122,168.37442570222518,0.2876091794588709,3.347555932784728
0.52517702182134,1,0.27654261704681876,0.5692336,0.1384672,175.1145846991314,0.2901485132189579,3.3104282206289604
-0.015370150407155355,0,0.48696278511404556,0.974145,0.94829005,169.92998079742353,0.28653029903777705,3.3736106737458806
-0.05292254686355591,0,0.37277310924369744,0.9340475,0.86809504,167.38579105420268,0.28783451370529994,3.3624513046544786
-0.11402648687362671,0,0.5875150060024009,0.86084145,0.7216829,174.1843577046925,0.2870065975505436,3.3508370860528838
-0.03227426608403524,0,0.5800240096038415,0.95491755,0.9098351,174.68014522734924,0.2876656152813809,3.3665515211020587
-0.4268699884414673,0,0.5087635054021609,0.5463799,0.09275979,162.12149605090517,0.2903677715510941,3.32695481146867
0.8328376213709513,1,0.6687635054021608,0.87747985,0.75495964,180.5140337263298,0.2884851817281776,3.3306562833577167
-0.034534335136413574,0,0.2242016806722689,0.9523327,0.9046653,170.48816555620758,0.28697851585658063,3.3778188744201105
-0.10285029808680217,0,0.3926530612244898,0.88326293,0.76652586,160.69190595304013,0.28875887685345814,3.3590936990796414
0.6861515045166016,1,0.5224009603841536,0.94721437,0.8944287,171.33638905793904,0.28916187786835407,3.3187891084265333
-0.19912413756052652,0,0.5836734693877551,0.79084,0.58168006,174.30928473141716,0.28806216857319994,3.342270564214129
-0.18893698851267496,0,0.38525810324129645,0.7980454,0.5960908,173.49114660261012,0.28619728582046433,3.3705789150394136
-0.397296945254008,0,0.57906362545018,0.5525395,0.105079114,170.0594084222766,0.2876461014315319,3.339933051464664
-0.1716205875078837,0,0.5384393757503001,0.81421834,0.6284366,183.64407044594685,0.2906968254156039,3.3154061696144916
0.761573851108551,1,0.5064585834333732,0.8203152,0.64063036,167.00660281142558,0.2900044034376611,3.315123194384137
0.6346017122268677,1,0.7090036014405762,0.64640737,0.29281467,172.24385046464218,0.28654097243719767,3.3542147007265974
-0.4324715932210286,0,0.5483313325330132,0.5447745,0.089548856,183.0339978837307,0.28823127064550613,3.3413930938853245
0.7298734188079834,1,0.46295318127250895,0.7660148,0.53202957,161.51482448902263,0.2913098817969435,3.303185836731068
0.7132839560508728,1,0.32638655462184873,0.87322617,0.74645233,175.11304034578623,0.28915794880880336,3.333756933942812
-0.21572383244832358,0,0.6979591836734693,0.73442584,0.46885166,183.45027906673317,0.2864416656860879,3.355467759083968
0.4896807869275411,1,0.7111164465786314,0.50285506,0.005710125,166.38246092768972,0.28895977565809033,3.3401060147449564
-0.033705453077952065,0,0.596734693877551,0.9533394,0.9066788,181.6404633146366,0.28775617734613,3.3554904112774198
-0.10473642746607463,0,0.5931812725090035,0.8732531,0.7465062,168.99024017555308,0.2869965454556358,3.379499322036014
0.890336294968923,1,0.6529171668667467,0.9330268,0.86605364,176.50144563770795,0.28854343433256724,3.3132154792208555
-0.2449036439259847,0,0.5539975990396159,0.7440149,0.4880298,168.44833719616076,0.28734078399843216,3.3379580212461697
-0.348751167456309,0,0.3842016806722689,0.63891643,0.27783287,163.5666819623644,0.28698921976474734,3.3585876680843985
0.8478079239527384,1,0.6082593037214886,0.9427218,0.88544357,186.00742400371274,0.2899675511633014,3.3023564112330193
-0.024002015590667725,0,0.6014405762304922,0.95548326,0.91096646,179.10484680516794,0.2852305190902872,3.3752679011682
-0.015508413314819336,0,0.5691716686674669,0.96499515,0.92999023,170.18062030134217,0.28767476177660994,3.35759313628391
-0.3616657455762227,0,0.5099159663865546,0.6183084,0.23661682,179.97454852176432,0.2875195804417256,3.339680960216639
0.6140248576800028,1,0.7001680672268907,0.6264097,0.25281942,184.59246595829435,0.28768458101800987,3.349936282783138
0.7879182497660319,1,0.6750060024009603,0.81796336,0.6359268,174.52928170014917,0.2874893090122257,3.3547839443664302
-0.0478745698928833,0,0.5539975990396159,0.9399845,0.879969,173.32545287991712,0.28720200707461696,3.3666740650005704
0.7867084741592407,1,0.741080432172869,0.9465468,0.8930935,169.45717890349994,0.28754991579119904,3.3319545288146006
0.6752433578173319,1,0.660408163265306,0.98028356,0.96056706,181.06200616826956,0.2880937573757114,3.3218060290359626
-0.011415302753448486,0,0.34098439375750295,0.9658946,0.9317891,176.87599679805467,0.2844467095917331,3.3926860370662384
-0.39862507581710815,0,0.3076590636254502,0.5893039,0.17860779,164.46304165220954,0.288692088289681,3.337856777340439
-0.002535541852315267,0,0.35433373349339736,0.9853262,0.9706524,169.80073502988452,0.28719293417126784,3.366058630553063
0.8054163058598837,1,0.4233853541416566,0.8483604,0.69672084,180.73781340800295,0.29002508608612204,3.3029891521892214
0.7067350745201111,1,0.4383673469387755,0.73375946,0.4675189,173.7895189847544,0.29091217230087235,3.3070577239478895
0.8374745647112528,1,0.6274669867947178,0.90996706,0.8199342,171.25757734175664,0.28951875645411623,3.3268300318685435
0.6795834302902222,1,0.6536854741896758,0.9470669,0.89413375,161.03625995975483,0.2903880403070721,3.288282227016296
-0.24870296319325766,0,0.2571428571428571,0.7329,0.46580002,179.30274174066835,0.2870878393605649,3.3564601171742394
-0.3470605214436849,0,0.619015606242497,0.63611096,0.27222198,170.9857520528558,0.2881780899898151,3.3468417436868863
-0.05382760365804037,0,0.3254261704681872,0.9320686,0.86413723,173.965362030885,0.2906461721581587,3.3185160995642695
0.7008331020673116,1,0.6567587034813925,0.96243596,0.9248719,171.73826052818242,0.2878793200853985,3.319124092654028
0.7320576906204224,1,0.5979831932773109,0.74797696,0.4959539,166.6833878396737,0.2900905215149923,3.317947918576479
-0.4545281132062276,0,0.4910924369747899,0.51463604,0.02927208,163.15812937624386,0.2878961528428684,3.3483012068321383
-0.00139540433883667,1,0.3654829648824139,0.9892105,0.978421,185.63535225031973,0.28788524952846084,3.362390555618951
0.6688522299130758,1,0.695174069627851,0.9550591,0.91011816,175.62470396104368,0.28803192777049214,3.327697977308411
-0.2937088410059611,0,0.6233373349339735,0.69398046,0.3879609,176.77321993026285,0.28967036930606643,3.32144601912704
0.7835177779197693,1,0.4906122448979591,0.802467,0.604934,175.87512992038273,0.2879876505660168,3.3491589110518043
0.8595192035039266,1,0.5510204081632653,0.88299364,0.7659872,178.82288630303032,0.28759674833671006,3.3335075037282866
-0.17824784914652506,0,0.5707082833133252,0.8091652,0.61833036,162.75065534107551,0.2877781460521707,3.343024470569892
0.6333812276522318,1,0.6934453781512604,0.97325563,0.94651127,160.56041928076007,0.28771745434917895,3.3275200560597287
-0.4787443478902181,0,0.46324129651860735,0.50200677,0.0040134788,176.9883945177011,0.28855162513732313,3.326587603382414
-0.33797045548756915,0,0.6317887154861945,0.64845,0.2969,180.45399555864452,0.2889487251939712,3.326035653862484
0.7190251549084982,1,0.565330132052821,0.9554973,0.91099465,179.3069044121275,0.2903118689024538,3.3096385065060447
-0.27937330802281696,0,0.7023769507803121,0.70387596,0.40775195,169.61953630699531,0.2864180849901338,3.366360746797972
-0.42903006076812744,0,0.42012004801920766,0.55344087,0.10688177,177.8308712387888,0.288678145931217,3.353259304008507
0.7698097030321757,1,0.618343337334934,0.7845138,0.56902754,169.94671809131063,0.2879798005157569,3.326548635485158
0.7199404835700989,1,0.6929651860744297,0.7559928,0.51198554,165.4155219397997,0.29106155420609264,3.3186397532976866
-0.2112383246421814,0,0.43702280912364944,0.7712128,0.54242563,171.95774189618498,0.2901553325581036,3.347177204531144
-0.3293052911758423,0,0.43193277310924366,0.65331715,0.30663428,176.44522499929107,0.28701974373460293,3.357673196125026
-0.4224206606547038,0,0.6069147659063625,0.5514994,0.10299885,168.30585151204053,0.28882095029797866,3.3278663501056527
0.775186816851298,1,0.5572629051620648,0.8754486,0.75089717,177.7224126096466,0.2893123796545437,3.3143325285304464
0.780526876449585,1,0.7063145258103241,0.82208484,0.6441696,175.1172731861249,0.2891515088146702,3.314995127336532
0.78785373767217,1,0.4791836734693878,0.8891117,0.77822345,172.172297649253,0.29113197694433873,3.2838246103937743
-0.06362956762313843,0,0.6044177671068427,0.9216401,0.8432802,180.5915926693559,0.2886295409780549,3.3269331845147776
0.7243612209955851,1,0.5925090036014405,0.9109269,0.8218537,177.4670730060924,0.289261669192962,3.3197139437170384
0.6781054735183716,1,0.13661464585834332,0.76209116,0.5241823,175.9807804984834,0.28731537701937643,3.3477328785222475
0.8575432499249777,1,0.5533253301320528,0.925524,0.85104805,170.19429156610406,0.29213728201362343,3.300839850555265
0.7117255330085754,1,0.6812484993997598,0.9595803,0.91916066,183.58981792750015,0.287923084830111,3.3243531941167324
-0.35441088676452637,0,0.08273709483793518,0.6214541,0.24290821,160.49513144319783,0.2911450106244115,3.3331373853165727
-0.029004494349161785,0,0.42607442977190874,0.96074164,0.9214833,172.6529813911048,0.28773479545691166,3.348743796391292
0.7108492255210876,1,0.6791356542617046,0.72400844,0.4480169,161.86678088542624,0.28949019584629554,3.337887187336693
0.8509588638941447,1,0.48062424969987994,0.9060883,0.8121766,178.45793538384967,0.2906958021273528,3.305661034956696
-0.3398856520652771,0,0.5608163265306122,0.6420103,0.28402057,168.99995787313793,0.2926052365479905,3.301762852510674
-0.45493394136428833,0,0.39793517406962786,0.5249514,0.049902737,174.8365803512284,0.2854158092592146,3.3662164231064464
