endpoint,category,task,representation,split,model,n_train,n_test,auroc,auprc,mae,r2,spearman,primary_metric,primary_value,cleared_floor
DILI,toxicity,classification,descriptors,scaffold,rf,379,96,0.920104211897525,0.9213562547338384,,,,AUROC,0.920104211897525,True
DILI,toxicity,classification,descriptors,scaffold,hgb,379,96,0.8992618323925315,0.9044929879098464,,,,AUROC,0.8992618323925315,True
DILI,toxicity,classification,descriptors,scaffold,mlp,379,96,0.8202344767694312,0.8249160671084469,,,,AUROC,0.8202344767694312,True
DILI,toxicity,classification,descriptors,random,rf,380,95,0.9090505767524402,0.9269594961350142,,,,AUROC,0.9090505767524402,True
DILI,toxicity,classification,descriptors,random,hgb,380,95,0.8850931677018634,0.8884349292836621,,,,AUROC,0.8850931677018634,True
DILI,toxicity,classification,descriptors,random,mlp,380,95,0.8212067435669921,0.7327594156726005,,,,AUROC,0.8212067435669921,True
DILI,toxicity,classification,ecfp,scaffold,rf,379,96,0.8766825879287885,0.8946264029808947,,,,AUROC,0.8766825879287885,True
DILI,toxicity,classification,ecfp,scaffold,hgb,379,96,0.8115501519756838,0.8366554785165906,,,,AUROC,0.8115501519756838,True
DILI,toxicity,classification,ecfp,scaffold,mlp,379,96,0.836734693877551,0.8637920232930114,,,,AUROC,0.836734693877551,True
DILI,toxicity,classification,ecfp,random,rf,380,95,0.8389529724933452,0.8547058311061398,,,,AUROC,0.8389529724933452,True
DILI,toxicity,classification,ecfp,random,hgb,380,95,0.7551020408163265,0.7824502503134433,,,,AUROC,0.7551020408163265,True
DILI,toxicity,classification,ecfp,random,mlp,380,95,0.8127772848269744,0.8248818495290686,,,,AUROC,0.8127772848269744,True
hERG,toxicity,classification,descriptors,scaffold,rf,523,132,0.8513409961685823,0.8872132116014764,,,,AUROC,0.8513409961685823,True
hERG,toxicity,classification,descriptors,scaffold,hgb,523,132,0.8301404853128992,0.8956658879689487,,,,AUROC,0.8301404853128992,True
hERG,toxicity,classification,descriptors,scaffold,mlp,523,132,0.8710089399744573,0.9000387980140716,,,,AUROC,0.8710089399744573,True
hERG,toxicity,classification,descriptors,random,rf,524,131,0.848062015503876,0.8939999450747713,,,,AUROC,0.848062015503876,True
hERG,toxicity,classification,descriptors,random,hgb,524,131,0.8266149870801034,0.8762122437778016,,,,AUROC,0.8266149870801034,True
hERG,toxicity,classification,descriptors,random,mlp,524,131,0.8498708010335917,0.9021551173025638,,,,AUROC,0.8498708010335917,True
hERG,toxicity,classification,ecfp,scaffold,rf,523,132,0.8421455938697319,0.9124334677909667,,,,AUROC,0.8421455938697319,True
hERG,toxicity,classification,ecfp,scaffold,hgb,523,132,0.7828863346104725,0.8776574713925019,,,,AUROC,0.7828863346104725,True
hERG,toxicity,classification,ecfp,scaffold,mlp,523,132,0.761558109833972,0.8363864512910103,,,,AUROC,0.761558109833972,True
hERG,toxicity,classification,ecfp,random,rf,524,131,0.8589147286821704,0.9208873868862422,,,,AUROC,0.8589147286821704,True
hERG,toxicity,classification,ecfp,random,hgb,524,131,0.8555555555555555,0.910592917726087,,,,AUROC,0.8555555555555555,True
hERG,toxicity,classification,ecfp,random,mlp,524,131,0.8031007751937984,0.8831184909225622,,,,AUROC,0.8031007751937984,True
AMES,toxicity,classification,descriptors,scaffold,rf,5818,1456,0.8596064411114988,0.8723593316170496,,,,AUROC,0.8596064411114988,True
AMES,toxicity,classification,descriptors,scaffold,hgb,5818,1456,0.8607535945432702,0.8843866479548793,,,,AUROC,0.8607535945432702,True
AMES,toxicity,classification,descriptors,scaffold,mlp,5818,1456,0.8372456691082433,0.8686503770842257,,,,AUROC,0.8372456691082433,True
AMES,toxicity,classification,descriptors,random,rf,5822,1456,0.9076960863324813,0.9146280331105622,,,,AUROC,0.9076960863324813,True
AMES,toxicity,classification,descriptors,random,hgb,5822,1456,0.9139419128539302,0.9244898858544998,,,,AUROC,0.9139419128539302,True
AMES,toxicity,classification,descriptors,random,mlp,5822,1456,0.8937499520289821,0.9054988767894907,,,,AUROC,0.8937499520289821,True
AMES,toxicity,classification,ecfp,scaffold,rf,5818,1456,0.8224615354803705,0.8604907528407872,,,,AUROC,0.8224615354803705,True
AMES,toxicity,classification,ecfp,scaffold,hgb,5818,1456,0.8390274386699221,0.8795883910691721,,,,AUROC,0.8390274386699221,True
AMES,toxicity,classification,ecfp,scaffold,mlp,5818,1456,0.7812928729217533,0.8202202947786896,,,,AUROC,0.7812928729217533,True
AMES,toxicity,classification,ecfp,random,rf,5822,1456,0.8618242802428485,0.8902482615817834,,,,AUROC,0.8618242802428485,True
AMES,toxicity,classification,ecfp,random,hgb,5822,1456,0.8958664333356359,0.9102832355972977,,,,AUROC,0.8958664333356359,True
AMES,toxicity,classification,ecfp,random,mlp,5822,1456,0.8506259258406441,0.872568323953659,,,,AUROC,0.8506259258406441,True
LD50,toxicity,regression,descriptors,scaffold,rf,5907,1478,,,0.5527515042178134,0.3087587898345068,0.5282264338596466,Spearman,0.5282264338596466,True
LD50,toxicity,regression,descriptors,scaffold,hgb,5907,1478,,,0.5580461135253137,0.3023600622130248,0.5288543590857216,Spearman,0.5288543590857216,True
LD50,toxicity,regression,descriptors,scaffold,mlp,5907,1478,,,15.500528326468151,-363208.5799759954,0.46150335216086735,Spearman,0.46150335216086735,True
LD50,toxicity,regression,descriptors,random,rf,5908,1477,,,0.4556044513028781,0.5974170408353784,0.7366228056583861,Spearman,0.7366228056583861,True
LD50,toxicity,regression,descriptors,random,hgb,5908,1477,,,0.423956934435005,0.640222370213612,0.7655161526557768,Spearman,0.7655161526557768,True
LD50,toxicity,regression,descriptors,random,mlp,5908,1477,,,7.375127975488404,-76225.71367558214,0.646859135807384,Spearman,0.646859135807384,True
LD50,toxicity,regression,ecfp,scaffold,rf,5907,1478,,,0.5768572160540626,0.21968553473430108,0.4754238151705982,Spearman,0.4754238151705982,True
LD50,toxicity,regression,ecfp,scaffold,hgb,5907,1478,,,0.5792774373914062,0.23872960745535943,0.4839090864747012,Spearman,0.4839090864747012,True
LD50,toxicity,regression,ecfp,scaffold,mlp,5907,1478,,,0.7490348883162332,-0.1994478326233613,0.2902005913488413,Spearman,0.2902005913488413,True
LD50,toxicity,regression,ecfp,random,rf,5908,1477,,,0.5188187735639621,0.4977193987388041,0.6280434520435918,Spearman,0.6280434520435918,True
LD50,toxicity,regression,ecfp,random,hgb,5908,1477,,,0.4724582721716905,0.5675517421436377,0.7012501884767937,Spearman,0.7012501884767937,True
LD50,toxicity,regression,ecfp,random,mlp,5908,1477,,,0.536264323030845,0.43681247479355745,0.6276355170170015,Spearman,0.6276355170170015,True
Caco2,absorption,regression,descriptors,scaffold,rf,728,182,,,0.3904610190431959,0.5785355683392615,0.6948305687487116,Spearman,0.6948305687487116,True
Caco2,absorption,regression,descriptors,scaffold,hgb,728,182,,,0.3828706563371363,0.6290694685761622,0.7377920483370112,Spearman,0.7377920483370112,True
Caco2,absorption,regression,descriptors,scaffold,mlp,728,182,,,0.5309728838619023,0.22796440905181758,0.5673196551861079,Spearman,0.5673196551861079,True
Caco2,absorption,regression,descriptors,random,rf,728,182,,,0.2811926119166955,0.7674455118477505,0.8418040494925264,Spearman,0.8418040494925264,True
Caco2,absorption,regression,descriptors,random,hgb,728,182,,,0.27715544729393027,0.7709492625473227,0.8500591966449195,Spearman,0.8500591966449195,True
Caco2,absorption,regression,descriptors,random,mlp,728,182,,,0.47874461639332194,0.2794578287125319,0.6410071002740412,Spearman,0.6410071002740412,True
Caco2,absorption,regression,ecfp,scaffold,rf,728,182,,,0.4733167541882389,0.40488712948096417,0.5777052195839217,Spearman,0.5777052195839217,True
Caco2,absorption,regression,ecfp,scaffold,hgb,728,182,,,0.4749297770002047,0.42942720503151244,0.6042631186015541,Spearman,0.6042631186015541,True
Caco2,absorption,regression,ecfp,scaffold,mlp,728,182,,,1.4394414901086159,-3.88518505415532,0.3552152585374314,Spearman,0.3552152585374314,True
Caco2,absorption,regression,ecfp,random,rf,728,182,,,0.36195394615515036,0.604584671643778,0.7546012698060671,Spearman,0.7546012698060671,True
Caco2,absorption,regression,ecfp,random,hgb,728,182,,,0.3354970582624303,0.644136099420137,0.7544350502897909,Spearman,0.7544350502897909,True
Caco2,absorption,regression,ecfp,random,mlp,728,182,,,0.8643709156740964,-1.449843335210928,0.5274461131043102,Spearman,0.5274461131043102,True
HIA,absorption,classification,descriptors,scaffold,rf,461,117,0.9834229390681003,0.9953887763065301,,,,AUROC,0.9834229390681003,True
HIA,absorption,classification,descriptors,scaffold,hgb,461,117,0.9816308243727598,0.995042807964418,,,,AUROC,0.9816308243727598,True
HIA,absorption,classification,descriptors,scaffold,mlp,461,117,0.9690860215053764,0.9911777044727555,,,,AUROC,0.9690860215053764,True
HIA,absorption,classification,descriptors,random,rf,462,116,0.9982683982683982,0.9998194497924956,,,,AUROC,0.9982683982683982,True
HIA,absorption,classification,descriptors,random,hgb,462,116,0.9991341991341991,0.9999101527403413,,,,AUROC,0.9991341991341991,True
HIA,absorption,classification,descriptors,random,mlp,462,116,0.9965367965367966,0.999650502402796,,,,AUROC,0.9965367965367966,True
HIA,absorption,classification,ecfp,scaffold,rf,461,117,0.9059139784946236,0.9606424082825296,,,,AUROC,0.9059139784946236,True
HIA,absorption,classification,ecfp,scaffold,hgb,461,117,0.9301075268817203,0.9822342454531231,,,,AUROC,0.9301075268817203,True
HIA,absorption,classification,ecfp,scaffold,mlp,461,117,0.8678315412186379,0.9508955892301887,,,,AUROC,0.8678315412186379,True
HIA,absorption,classification,ecfp,random,rf,462,116,1.0,0.9999999999999998,,,,AUROC,1.0,True
HIA,absorption,classification,ecfp,random,hgb,462,116,0.9731601731601731,0.9968278357291914,,,,AUROC,0.9731601731601731,True
HIA,absorption,classification,ecfp,random,mlp,462,116,0.9593073593073593,0.9944556135496225,,,,AUROC,0.9593073593073593,True
BBB,distribution,classification,descriptors,scaffold,rf,1624,406,0.9179763223483799,0.9737429196184054,,,,AUROC,0.9179763223483799,True
BBB,distribution,classification,descriptors,scaffold,hgb,1624,406,0.9080240930490169,0.9640780615935037,,,,AUROC,0.9080240930490169,True
BBB,distribution,classification,descriptors,scaffold,mlp,1624,406,0.8464068125173083,0.9164622623097552,,,,AUROC,0.8464068125173083,True
BBB,distribution,classification,descriptors,random,rf,1624,406,0.8957310420076378,0.9530991979961267,,,,AUROC,0.8957310420076378,True
BBB,distribution,classification,descriptors,random,hgb,1624,406,0.9008115111838516,0.9556697874387291,,,,AUROC,0.9008115111838516,True
BBB,distribution,classification,descriptors,random,mlp,1624,406,0.8897810965630114,0.9424358797742114,,,,AUROC,0.8897810965630114,True
BBB,distribution,classification,ecfp,scaffold,rf,1624,406,0.8776135419551372,0.955900444925631,,,,AUROC,0.8776135419551372,True
BBB,distribution,classification,ecfp,scaffold,hgb,1624,406,0.8625553863195791,0.9536249136489181,,,,AUROC,0.8625553863195791,True
BBB,distribution,classification,ecfp,scaffold,mlp,1624,406,0.8576052340072002,0.947880856812142,,,,AUROC,0.8576052340072002,True
BBB,distribution,classification,ecfp,random,rf,1624,406,0.8862349972722312,0.9563629894259875,,,,AUROC,0.8862349972722312,True
BBB,distribution,classification,ecfp,random,hgb,1624,406,0.9000443262411347,0.9634723244694516,,,,AUROC,0.9000443262411347,True
BBB,distribution,classification,ecfp,random,mlp,1624,406,0.8803532460447354,0.9482837650454067,,,,AUROC,0.8803532460447354,True
VDss,distribution,regression,descriptors,scaffold,rf,904,226,,,4.505514290237733,-0.5075908511506524,0.5545353636942172,Spearman,0.5545353636942172,True
VDss,distribution,regression,descriptors,scaffold,hgb,904,226,,,6.711646601922145,-1.8003283462552742,0.41845020204136624,Spearman,0.41845020204136624,True
VDss,distribution,regression,descriptors,scaffold,mlp,904,226,,,8.046315635749988,-2.7137980513369975,0.38484964801492744,Spearman,0.38484964801492744,True
VDss,distribution,regression,descriptors,random,rf,904,226,,,3.9692930847855936,-7.4107934762681715,0.5845922100459616,Spearman,0.5845922100459616,True
VDss,distribution,regression,descriptors,random,hgb,904,226,,,5.462258614042414,-2.0226118683259067,0.3559807225445212,Spearman,0.3559807225445212,True
VDss,distribution,regression,descriptors,random,mlp,904,226,,,12257361.379047407,-1065845535550677.9,0.4721550557797273,Spearman,0.4721550557797273,True
VDss,distribution,regression,ecfp,scaffold,rf,904,226,,,5.5889776135886775,-0.5116689364828255,0.409803985913089,Spearman,0.409803985913089,True
VDss,distribution,regression,ecfp,scaffold,hgb,904,226,,,5.4231858444233145,-0.9547508471347861,0.4386495372896836,Spearman,0.4386495372896836,True
VDss,distribution,regression,ecfp,scaffold,mlp,904,226,,,9.609818133620825,-3.2232100748276107,0.33407391655876684,Spearman,0.33407391655876684,True
VDss,distribution,regression,ecfp,random,rf,904,226,,,4.231084472049772,-2.4987478053355794,0.4733514000374416,Spearman,0.4733514000374416,True
VDss,distribution,regression,ecfp,random,hgb,904,226,,,4.124169995506284,-1.2017320776269913,0.364745340351847,Spearman,0.364745340351847,True
VDss,distribution,regression,ecfp,random,mlp,904,226,,,8.627389389414967,-8.616701932261718,0.26192743210617964,Spearman,0.26192743210617964,True
CYP2C9-Sub,metabolism,classification,descriptors,scaffold,rf,534,135,0.5882352941176471,0.3236019795262507,,,,AUROC,0.5882352941176471,True
CYP2C9-Sub,metabolism,classification,descriptors,scaffold,hgb,534,135,0.60518444666002,0.28455615099357756,,,,AUROC,0.60518444666002,True
CYP2C9-Sub,metabolism,classification,descriptors,scaffold,mlp,534,135,0.6729810568295115,0.3047883037554182,,,,AUROC,0.6729810568295115,True
CYP2C9-Sub,metabolism,classification,descriptors,random,rf,535,134,0.6638176638176638,0.27968436202629376,,,,AUROC,0.6638176638176638,True
CYP2C9-Sub,metabolism,classification,descriptors,random,hgb,535,134,0.6663105413105413,0.29108721653488207,,,,AUROC,0.6663105413105413,True
CYP2C9-Sub,metabolism,classification,descriptors,random,mlp,535,134,0.6378205128205129,0.3212143037749319,,,,AUROC,0.6378205128205129,True
CYP2C9-Sub,metabolism,classification,ecfp,scaffold,rf,534,135,0.4845463609172483,0.25102443154726584,,,,AUROC,0.4845463609172483,False
CYP2C9-Sub,metabolism,classification,ecfp,scaffold,hgb,534,135,0.6859421734795612,0.37006410106365356,,,,AUROC,0.6859421734795612,True
CYP2C9-Sub,metabolism,classification,ecfp,scaffold,mlp,534,135,0.6909272183449652,0.3055149039556705,,,,AUROC,0.6909272183449652,True
CYP2C9-Sub,metabolism,classification,ecfp,random,rf,535,134,0.6467236467236468,0.2719073502803363,,,,AUROC,0.6467236467236468,True
CYP2C9-Sub,metabolism,classification,ecfp,random,hgb,535,134,0.67752849002849,0.369744586444223,,,,AUROC,0.67752849002849,True
CYP2C9-Sub,metabolism,classification,ecfp,random,mlp,535,134,0.6570512820512822,0.2967926561171913,,,,AUROC,0.6570512820512822,True
CYP3A4-Sub,metabolism,classification,descriptors,scaffold,rf,535,135,0.6502548656163114,0.7486715837878585,,,,AUROC,0.6502548656163114,True
CYP3A4-Sub,metabolism,classification,descriptors,scaffold,hgb,535,135,0.6574374420759963,0.7462751111474539,,,,AUROC,0.6574374420759963,True
CYP3A4-Sub,metabolism,classification,descriptors,scaffold,mlp,535,135,0.6338044485634846,0.7030507965502495,,,,AUROC,0.6338044485634846,True
CYP3A4-Sub,metabolism,classification,descriptors,random,rf,536,134,0.6909909909909909,0.5989192622409135,,,,AUROC,0.6909909909909909,True
CYP3A4-Sub,metabolism,classification,descriptors,random,hgb,536,134,0.6727477477477477,0.6169298256918894,,,,AUROC,0.6727477477477477,True
CYP3A4-Sub,metabolism,classification,descriptors,random,mlp,536,134,0.647072072072072,0.5791884294800552,,,,AUROC,0.647072072072072,True
CYP3A4-Sub,metabolism,classification,ecfp,scaffold,rf,535,135,0.6857043558850788,0.7609671089562331,,,,AUROC,0.6857043558850788,True
CYP3A4-Sub,metabolism,classification,ecfp,scaffold,hgb,535,135,0.6629981464318815,0.7628059820463471,,,,AUROC,0.6629981464318815,True
CYP3A4-Sub,metabolism,classification,ecfp,scaffold,mlp,535,135,0.6731927710843374,0.7776392634947034,,,,AUROC,0.6731927710843374,True
CYP3A4-Sub,metabolism,classification,ecfp,random,rf,536,134,0.6430180180180181,0.5813397876507986,,,,AUROC,0.6430180180180181,True
CYP3A4-Sub,metabolism,classification,ecfp,random,hgb,536,134,0.6297297297297296,0.5512271435310161,,,,AUROC,0.6297297297297296,True
CYP3A4-Sub,metabolism,classification,ecfp,random,mlp,536,134,0.6509009009009009,0.5957404822104028,,,,AUROC,0.6509009009009009,True
HalfLife,excretion,regression,descriptors,scaffold,rf,532,135,,,23.50855351795765,-19.57127835421295,0.42490768298032855,Spearman,0.42490768298032855,True
HalfLife,excretion,regression,descriptors,scaffold,hgb,532,135,,,35.28827290241912,-13.88850765392758,0.24131425515309488,Spearman,0.24131425515309488,True
HalfLife,excretion,regression,descriptors,scaffold,mlp,532,135,,,95.02882605787556,-2255.5110681731444,0.5126578777393634,Spearman,0.5126578777393634,True
HalfLife,excretion,regression,descriptors,random,rf,534,133,,,33.8331725550198,-0.01948196303510419,0.373251949798465,Spearman,0.373251949798465,True
HalfLife,excretion,regression,descriptors,random,hgb,534,133,,,35.79124679427598,0.13848052724952997,0.2559333352941522,Spearman,0.2559333352941522,True
HalfLife,excretion,regression,descriptors,random,mlp,534,133,,,88.3401874289768,-35.49446739707195,0.38436806324825834,Spearman,0.38436806324825834,True
HalfLife,excretion,regression,ecfp,scaffold,rf,532,135,,,25.903141683639436,-8.600834998196184,0.17017825565357173,Spearman,0.17017825565357173,True
HalfLife,excretion,regression,ecfp,scaffold,hgb,532,135,,,30.320063671026972,-8.107384484818661,0.08518311272979827,Spearman,0.08518311272979827,False
HalfLife,excretion,regression,ecfp,scaffold,mlp,532,135,,,32.90536894773775,-7.736658296413214,0.16256709298565977,Spearman,0.16256709298565977,True
HalfLife,excretion,regression,ecfp,random,rf,534,133,,,35.9833564789148,0.06557776110412916,0.27579900384413825,Spearman,0.27579900384413825,True
HalfLife,excretion,regression,ecfp,random,hgb,534,133,,,36.85250090777094,0.0236413020813675,0.11232186323745905,Spearman,0.11232186323745905,True
HalfLife,excretion,regression,ecfp,random,mlp,534,133,,,45.44870924087395,0.17492250895587313,0.14022678680642253,Spearman,0.14022678680642253,True
CL-Hepa,excretion,regression,descriptors,scaffold,rf,970,243,,,38.43084959691425,0.15453189066326367,0.4084953885927966,Spearman,0.4084953885927966,True
CL-Hepa,excretion,regression,descriptors,scaffold,hgb,970,243,,,37.9428835782673,0.14137547751492752,0.38598198062370526,Spearman,0.38598198062370526,True
CL-Hepa,excretion,regression,descriptors,scaffold,mlp,970,243,,,36.96658219435578,0.1412616262133819,0.4160093738952767,Spearman,0.4160093738952767,True
CL-Hepa,excretion,regression,descriptors,random,rf,970,243,,,34.85402223450039,0.11731620953640998,0.42049974956294,Spearman,0.42049974956294,True
CL-Hepa,excretion,regression,descriptors,random,hgb,970,243,,,35.17111041282284,-0.014687703862338308,0.38830000825512395,Spearman,0.38830000825512395,True
CL-Hepa,excretion,regression,descriptors,random,mlp,970,243,,,34.266519922229,0.1925695194737822,0.4131726612893251,Spearman,0.4131726612893251,True
CL-Hepa,excretion,regression,ecfp,scaffold,rf,970,243,,,38.99612282314401,0.10023136878753802,0.41761575460293626,Spearman,0.41761575460293626,True
CL-Hepa,excretion,regression,ecfp,scaffold,hgb,970,243,,,38.89081550178075,0.06921937314730253,0.3733256903266577,Spearman,0.3733256903266577,True
CL-Hepa,excretion,regression,ecfp,scaffold,mlp,970,243,,,37.20290492030328,0.009724266423774108,0.31908540174625616,Spearman,0.31908540174625616,True
CL-Hepa,excretion,regression,ecfp,random,rf,970,243,,,34.17876977854156,0.1464212716045723,0.34684908361444194,Spearman,0.34684908361444194,True
CL-Hepa,excretion,regression,ecfp,random,hgb,970,243,,,37.73722067390747,-0.06911976596196201,0.3521307979908289,Spearman,0.3521307979908289,True
CL-Hepa,excretion,regression,ecfp,random,mlp,970,243,,,37.173446447378325,-0.12871139717702929,0.25915231390843163,Spearman,0.25915231390843163,True
